family,graph,cost,graph_seed,cost_seed,n,m,ell,longest,k,z
layered,0,0,0,12,46,168,12,12,0,119.63025433373332
layered,0,0,0,12,46,168,12,12,1,119.63025433373332
layered,0,0,0,12,46,168,12,12,2,118.56217217373842
layered,0,0,0,12,46,168,12,12,3,115.99442079510777
layered,0,0,0,12,46,168,12,12,4,115.99442079510777
layered,0,0,0,12,46,168,12,12,5,115.99442079510777
layered,0,0,0,12,46,168,12,12,6,113.64226027497823
layered,0,0,0,12,46,168,12,12,7,113.29393577527269
layered,0,0,0,12,46,168,12,12,8,113.29393577527269
layered,0,0,0,12,46,168,12,12,9,113.29393577527269
layered,0,0,0,12,46,168,12,12,10,112.82428873130075
layered,0,0,0,12,46,168,12,12,11,112.47596423159521
layered,0,0,0,12,46,168,12,12,12,112.47596423159521
layered,0,1,0,1012,46,168,12,12,0,102.97889854609579
layered,0,1,0,1012,46,168,12,12,1,102.97889854609579
layered,0,1,0,1012,46,168,12,12,2,101.02902422784182
layered,0,1,0,1012,46,168,12,12,3,98.7842802506367
layered,0,1,0,1012,46,168,12,12,4,97.61588765639587
layered,0,1,0,1012,46,168,12,12,5,97.14892100373031
layered,0,1,0,1012,46,168,12,12,6,95.98052840948948
layered,0,1,0,1012,46,168,12,12,7,95.98052840948948
layered,0,1,0,1012,46,168,12,12,8,95.98052840948948
layered,0,1,0,1012,46,168,12,12,9,95.98052840948948
layered,0,1,0,1012,46,168,12,12,10,95.98052840948948
layered,0,1,0,1012,46,168,12,12,11,95.98052840948948
layered,0,1,0,1012,46,168,12,12,12,95.98052840948948
layered,0,2,0,2012,46,168,12,12,0,103.72078061685174
layered,0,2,0,2012,46,168,12,12,1,103.72078061685174
layered,0,2,0,2012,46,168,12,12,2,103.68900596035999
layered,0,2,0,2012,46,168,12,12,3,102.2702178226787
layered,0,2,0,2012,46,168,12,12,4,101.05747208451592
layered,0,2,0,2012,46,168,12,12,5,99.49920632120214
layered,0,2,0,2012,46,168,12,12,6,98.76019841932748
layered,0,2,0,2012,46,168,12,12,7,98.76019841932748
layered,0,2,0,2012,46,168,12,12,8,97.2019326560137
layered,0,2,0,2012,46,168,12,12,9,97.2019326560137
layered,0,2,0,2012,46,168,12,12,10,97.2019326560137
layered,0,2,0,2012,46,168,12,12,11,97.2019326560137
layered,0,2,0,2012,46,168,12,12,12,97.2019326560137
layered,0,3,0,3012,46,168,12,12,0,100.53390007197619
layered,0,3,0,3012,46,168,12,12,1,100.53390007197619
layered,0,3,0,3012,46,168,12,12,2,98.47423412248992
layered,0,3,0,3012,46,168,12,12,3,95.10738640336422
layered,0,3,0,3012,46,168,12,12,4,95.10738640336422
layered,0,3,0,3012,46,168,12,12,5,94.56975682332128
layered,0,3,0,3012,46,168,12,12,6,94.56975682332128
layered,0,3,0,3012,46,168,12,12,7,94.56975682332128
layered,0,3,0,3012,46,168,12,12,8,94.56975682332128
layered,0,3,0,3012,46,168,12,12,9,94.56975682332128
layered,0,3,0,3012,46,168,12,12,10,94.56975682332128
layered,0,3,0,3012,46,168,12,12,11,94.56975682332128
layered,0,3,0,3012,46,168,12,12,12,94.56975682332128
layered,0,4,0,4012,46,168,12,12,0,97.26957104613601
layered,0,4,0,4012,46,168,12,12,1,97.26957104613601
layered,0,4,0,4012,46,168,12,12,2,96.02113364743302
layered,0,4,0,4012,46,168,12,12,3,96.0121173594626
layered,0,4,0,4012,46,168,12,12,4,96.0121173594626
layered,0,4,0,4012,46,168,12,12,5,96.0121173594626
layered,0,4,0,4012,46,168,12,12,6,95.10517002964457
layered,0,4,0,4012,46,168,12,12,7,95.09615374167416
layered,0,4,0,4012,46,168,12,12,8,95.09615374167416
layered,0,4,0,4012,46,168,12,12,9,95.09615374167416
layered,0,4,0,4012,46,168,12,12,10,95.09615374167416
layered,0,4,0,4012,46,168,12,12,11,95.09615374167416
layered,0,4,0,4012,46,168,12,12,12,95.09615374167416
layered,0,5,0,5012,46,168,12,12,0,102.56076720812845
layered,0,5,0,5012,46,168,12,12,1,102.56076720812845
layered,0,5,0,5012,46,168,12,12,2,100.2245262815674
layered,0,5,0,5012,46,168,12,12,3,97.5005710285304
layered,0,5,0,5012,46,168,12,12,4,97.5005710285304
layered,0,5,0,5012,46,168,12,12,5,95.62877670493245
layered,0,5,0,5012,46,168,12,12,6,95.62877670493245
layered,0,5,0,5012,46,168,12,12,7,94.07989090971438
layered,0,5,0,5012,46,168,12,12,8,94.07914340570471
layered,0,5,0,5012,46,168,12,12,9,94.07914340570471
layered,0,5,0,5012,46,168,12,12,10,94.07914340570471
layered,0,5,0,5012,46,168,12,12,11,94.07914340570471
layered,0,5,0,5012,46,168,12,12,12,94.07914340570471
layered,0,6,0,6012,46,168,12,12,0,102.58288700235974
layered,0,6,0,6012,46,168,12,12,1,102.58288700235974
layered,0,6,0,6012,46,168,12,12,2,99.49746605676792
layered,0,6,0,6012,46,168,12,12,3,99.49746605676792
layered,0,6,0,6012,46,168,12,12,4,98.59343375146668
layered,0,6,0,6012,46,168,12,12,5,96.25646586505782
layered,0,6,0,6012,46,168,12,12,6,96.25646586505782
layered,0,6,0,6012,46,168,12,12,7,95.35243355975658
layered,0,6,0,6012,46,168,12,12,8,95.35243355975658
layered,0,6,0,6012,46,168,12,12,9,94.59864343081745
layered,0,6,0,6012,46,168,12,12,10,94.59864343081745
layered,0,6,0,6012,46,168,12,12,11,93.72284815901293
layered,0,6,0,6012,46,168,12,12,12,92.81881585371168
layered,0,7,0,7012,46,168,12,12,0,108.85657054788891
layered,0,7,0,7012,46,168,12,12,1,108.85657054788891
layered,0,7,0,7012,46,168,12,12,2,106.93528532860196
layered,0,7,0,7012,46,168,12,12,3,105.8218186388032
layered,0,7,0,7012,46,168,12,12,4,103.36357200645362
layered,0,7,0,7012,46,168,12,12,5,101.74589435561906
layered,0,7,0,7012,46,168,12,12,6,101.13504918474803
layered,0,7,0,7012,46,168,12,12,7,101.08095816903929
layered,0,7,0,7012,46,168,12,12,8,100.08865218355649
layered,0,7,0,7012,46,168,12,12,9,100.08865218355649
layered,0,7,0,7012,46,168,12,12,10,99.76428281328911
layered,0,7,0,7012,46,168,12,12,11,99.76428281328911
layered,0,7,0,7012,46,168,12,12,12,99.76428281328911
layered,0,8,0,8012,46,168,12,12,0,105.291371207319
layered,0,8,0,8012,46,168,12,12,1,105.291371207319
layered,0,8,0,8012,46,168,12,12,2,100.51177990276814
layered,0,8,0,8012,46,168,12,12,3,100.51177990276814
layered,0,8,0,8012,46,168,12,12,4,99.71328335530231
layered,0,8,0,8012,46,168,12,12,5,99.3694283773016
layered,0,8,0,8012,46,168,12,12,6,98.08530189868611
layered,0,8,0,8012,46,168,12,12,7,96.84821455094703
layered,0,8,0,8012,46,168,12,12,8,96.84821455094703
layered,0,8,0,8012,46,168,12,12,9,96.84821455094703
layered,0,8,0,8012,46,168,12,12,10,96.84821455094703
layered,0,8,0,8012,46,168,12,12,11,96.84821455094703
layered,0,8,0,8012,46,168,12,12,12,96.84821455094703
layered,0,9,0,9012,46,168,12,12,0,119.82490335597512
layered,0,9,0,9012,46,168,12,12,1,119.82490335597512
layered,0,9,0,9012,46,168,12,12,2,117.12217192310919
layered,0,9,0,9012,46,168,12,12,3,116.86760216202735
layered,0,9,0,9012,46,168,12,12,4,114.59141021390509
layered,0,9,0,9012,46,168,12,12,5,114.59141021390509
layered,0,9,0,9012,46,168,12,12,6,113.27412392021958
layered,0,9,0,9012,46,168,12,12,7,112.51982086316073
layered,0,9,0,9012,46,168,12,12,8,110.74336221101547
layered,0,9,0,9012,46,168,12,12,9,110.74336221101547
layered,0,9,0,9012,46,168,12,12,10,110.27233599701432
layered,0,9,0,9012,46,168,12,12,11,108.6717728602711
layered,0,9,0,9012,46,168,12,12,12,108.6717728602711
layered,0,10,0,10012,46,168,12,12,0,100.96002179378422
layered,0,10,0,10012,46,168,12,12,1,100.96002179378422
layered,0,10,0,10012,46,168,12,12,2,98.56643786258235
layered,0,10,0,10012,46,168,12,12,3,97.4133352204112
layered,0,10,0,10012,46,168,12,12,4,96.86711423195953
layered,0,10,0,10012,46,168,12,12,5,95.71401158978838
layered,0,10,0,10012,46,168,12,12,6,95.71401158978838
layered,0,10,0,10012,46,168,12,12,7,93.45255199347338
layered,0,10,0,10012,46,168,12,12,8,92.29944935130223
layered,0,10,0,10012,46,168,12,12,9,92.29944935130223
layered,0,10,0,10012,46,168,12,12,10,91.8298887081453
layered,0,10,0,10012,46,168,12,12,11,90.73816529479953
layered,0,10,0,10012,46,168,12,12,12,90.73816529479953
layered,0,11,0,11012,46,168,12,12,0,96.16748988460148
layered,0,11,0,11012,46,168,12,12,1,96.16748988460148
layered,0,11,0,11012,46,168,12,12,2,92.06640743522479
layered,0,11,0,11012,46,168,12,12,3,90.30151290445332
layered,0,11,0,11012,46,168,12,12,4,89.6689056750742
layered,0,11,0,11012,46,168,12,12,5,87.90401114430273
layered,0,11,0,11012,46,168,12,12,6,87.35958008333932
layered,0,11,0,11012,46,168,12,12,7,87.35958008333932
layered,0,11,0,11012,46,168,12,12,8,86.87839568826494
layered,0,11,0,11012,46,168,12,12,9,86.65752772429667
layered,0,11,0,11012,46,168,12,12,10,86.65752772429667
layered,0,11,0,11012,46,168,12,12,11,86.65752772429667
layered,0,11,0,11012,46,168,12,12,12,86.65752772429667
layered,0,12,0,12012,46,168,12,12,0,123.76067169353581
layered,0,12,0,12012,46,168,12,12,1,123.76067169353581
layered,0,12,0,12012,46,168,12,12,2,122.24144730986
layered,0,12,0,12012,46,168,12,12,3,122.24144730986
layered,0,12,0,12012,46,168,12,12,4,120.82967880730581
layered,0,12,0,12012,46,168,12,12,5,120.82967880730581
layered,0,12,0,12012,46,168,12,12,6,120.22804254440055
layered,0,12,0,12012,46,168,12,12,7,120.00953286338981
layered,0,12,0,12012,46,168,12,12,8,119.62935577831053
layered,0,12,0,12012,46,168,12,12,9,119.41084609729978
layered,0,12,0,12012,46,168,12,12,10,119.41084609729978
layered,0,12,0,12012,46,168,12,12,11,119.41084609729978
layered,0,12,0,12012,46,168,12,12,12,119.41084609729978
layered,0,13,0,13012,46,168,12,12,0,102.91955016500424
layered,0,13,0,13012,46,168,12,12,1,102.91955016500424
layered,0,13,0,13012,46,168,12,12,2,98.96730288590663
layered,0,13,0,13012,46,168,12,12,3,98.96730288590663
layered,0,13,0,13012,46,168,12,12,4,96.82202029216111
layered,0,13,0,13012,46,168,12,12,5,96.82202029216111
layered,0,13,0,13012,46,168,12,12,6,95.32691962825264
layered,0,13,0,13012,46,168,12,12,7,95.32691962825264
layered,0,13,0,13012,46,168,12,12,8,94.45535212282381
layered,0,13,0,13012,46,168,12,12,9,94.45535212282381
layered,0,13,0,13012,46,168,12,12,10,94.02784894660347
layered,0,13,0,13012,46,168,12,12,11,93.77235612102163
layered,0,13,0,13012,46,168,12,12,12,93.77235612102163
layered,0,14,0,14012,46,168,12,12,0,104.11459469406554
layered,0,14,0,14012,46,168,12,12,1,104.11459469406554
layered,0,14,0,14012,46,168,12,12,2,102.32056324649528
layered,0,14,0,14012,46,168,12,12,3,102.32056324649528
layered,0,14,0,14012,46,168,12,12,4,101.16439546546535
layered,0,14,0,14012,46,168,12,12,5,101.16439546546535
layered,0,14,0,14012,46,168,12,12,6,99.3703640178951
layered,0,14,0,14012,46,168,12,12,7,99.1455780351415
layered,0,14,0,14012,46,168,12,12,8,99.1455780351415
layered,0,14,0,14012,46,168,12,12,9,99.1455780351415
layered,0,14,0,14012,46,168,12,12,10,99.1455780351415
layered,0,14,0,14012,46,168,12,12,11,99.1455780351415
layered,0,14,0,14012,46,168,12,12,12,99.1455780351415
layered,0,15,0,15012,46,168,12,12,0,104.88230736321538
layered,0,15,0,15012,46,168,12,12,1,104.88230736321538
layered,0,15,0,15012,46,168,12,12,2,102.27153295328884
layered,0,15,0,15012,46,168,12,12,3,102.24571045577478
layered,0,15,0,15012,46,168,12,12,4,99.72284004621741
layered,0,15,0,15012,46,168,12,12,5,99.63493604584825
layered,0,15,0,15012,46,168,12,12,6,98.3887575144557
layered,0,15,0,15012,46,168,12,12,7,97.08624313877684
layered,0,15,0,15012,46,168,12,12,8,96.82437266215456
layered,0,15,0,15012,46,168,12,12,9,96.03965986382224
layered,0,15,0,15012,46,168,12,12,10,95.77778938719996
layered,0,15,0,15012,46,168,12,12,11,95.77778938719996
layered,0,15,0,15012,46,168,12,12,12,95.77778938719996
layered,0,16,0,16012,46,168,12,12,0,102.86234535651194
layered,0,16,0,16012,46,168,12,12,1,102.86234535651194
layered,0,16,0,16012,46,168,12,12,2,100.48197819629762
layered,0,16,0,16012,46,168,12,12,3,99.98368623254606
layered,0,16,0,16012,46,168,12,12,4,98.6107470636463
layered,0,16,0,16012,46,168,12,12,5,96.79567789202636
layered,0,16,0,16012,46,168,12,12,6,96.79567789202636
layered,0,16,0,16012,46,168,12,12,7,96.41212930277936
layered,0,16,0,16012,46,168,12,12,8,94.59706013115941
layered,0,16,0,16012,46,168,12,12,9,94.59706013115941
layered,0,16,0,16012,46,168,12,12,10,94.59706013115941
layered,0,16,0,16012,46,168,12,12,11,94.59706013115941
layered,0,16,0,16012,46,168,12,12,12,94.59706013115941
layered,0,17,0,17012,46,168,12,12,0,108.64010014323817
layered,0,17,0,17012,46,168,12,12,1,108.64010014323817
layered,0,17,0,17012,46,168,12,12,2,105.93679215382886
layered,0,17,0,17012,46,168,12,12,3,103.21316618252317
layered,0,17,0,17012,46,168,12,12,4,103.21316618252317
layered,0,17,0,17012,46,168,12,12,5,100.95781433075624
layered,0,17,0,17012,46,168,12,12,6,100.95781433075624
layered,0,17,0,17012,46,168,12,12,7,99.39912598898496
layered,0,17,0,17012,46,168,12,12,8,98.76303205600816
layered,0,17,0,17012,46,168,12,12,9,98.70998333245981
layered,0,17,0,17012,46,168,12,12,10,97.20434371423687
layered,0,17,0,17012,46,168,12,12,11,97.06396259800053
layered,0,17,0,17012,46,168,12,12,12,97.06396259800053
layered,0,18,0,18012,46,168,12,12,0,113.59319950834976
layered,0,18,0,18012,46,168,12,12,1,113.59319950834976
layered,0,18,0,18012,46,168,12,12,2,112.85166669542309
layered,0,18,0,18012,46,168,12,12,3,110.20989409257629
layered,0,18,0,18012,46,168,12,12,4,109.50420216253502
layered,0,18,0,18012,46,168,12,12,5,109.18257433838998
layered,0,18,0,18012,46,168,12,12,6,108.81878430075622
layered,0,18,0,18012,46,168,12,12,7,108.11309237071495
layered,0,18,0,18012,46,168,12,12,8,105.79926892261652
layered,0,18,0,18012,46,168,12,12,9,105.09357699257525
layered,0,18,0,18012,46,168,12,12,10,105.09357699257525
layered,0,18,0,18012,46,168,12,12,11,105.09357699257525
layered,0,18,0,18012,46,168,12,12,12,105.09357699257525
layered,0,19,0,19012,46,168,12,12,0,119.22689975622416
layered,0,19,0,19012,46,168,12,12,1,119.22689975622416
layered,0,19,0,19012,46,168,12,12,2,118.8048188757991
layered,0,19,0,19012,46,168,12,12,3,118.18166382231357
layered,0,19,0,19012,46,168,12,12,4,116.3944800036643
layered,0,19,0,19012,46,168,12,12,5,115.76356360377696
layered,0,19,0,19012,46,168,12,12,6,114.51076256187038
layered,0,19,0,19012,46,168,12,12,7,114.51076256187038
layered,0,19,0,19012,46,168,12,12,8,113.43161256722162
layered,0,19,0,19012,46,168,12,12,9,113.07572345578163
layered,0,19,0,19012,46,168,12,12,10,113.07572345578163
layered,0,19,0,19012,46,168,12,12,11,113.07572345578163
layered,0,19,0,19012,46,168,12,12,12,113.07572345578163
layered,0,20,0,20012,46,168,12,12,0,112.70896169057139
layered,0,20,0,20012,46,168,12,12,1,112.70896169057139
layered,0,20,0,20012,46,168,12,12,2,108.90023089639467
layered,0,20,0,20012,46,168,12,12,3,107.83856772733236
layered,0,20,0,20012,46,168,12,12,4,105.11195876430168
layered,0,20,0,20012,46,168,12,12,5,105.11195876430168
layered,0,20,0,20012,46,168,12,12,6,105.09844220514285
layered,0,20,0,20012,46,168,12,12,7,105.09844220514285
layered,0,20,0,20012,46,168,12,12,8,104.20988802528913
layered,0,20,0,20012,46,168,12,12,9,104.20988802528913
layered,0,20,0,20012,46,168,12,12,10,104.20988802528913
layered,0,20,0,20012,46,168,12,12,11,103.69427193454239
layered,0,20,0,20012,46,168,12,12,12,103.69427193454239
layered,0,21,0,21012,46,168,12,12,0,107.85237681280893
layered,0,21,0,21012,46,168,12,12,1,107.85237681280893
layered,0,21,0,21012,46,168,12,12,2,102.63018289113816
layered,0,21,0,21012,46,168,12,12,3,102.63018289113816
layered,0,21,0,21012,46,168,12,12,4,101.1482038038605
layered,0,21,0,21012,46,168,12,12,5,101.1482038038605
layered,0,21,0,21012,46,168,12,12,6,99.08759800698104
layered,0,21,0,21012,46,168,12,12,7,97.58745289809235
layered,0,21,0,21012,46,168,12,12,8,97.58745289809235
layered,0,21,0,21012,46,168,12,12,9,97.58745289809235
layered,0,21,0,21012,46,168,12,12,10,97.58745289809235
layered,0,21,0,21012,46,168,12,12,11,97.58745289809235
layered,0,21,0,21012,46,168,12,12,12,97.58745289809235
layered,0,22,0,22012,46,168,12,12,0,107.78180416270467
layered,0,22,0,22012,46,168,12,12,1,107.78180416270467
layered,0,22,0,22012,46,168,12,12,2,103.69454111774687
layered,0,22,0,22012,46,168,12,12,3,103.69454111774687
layered,0,22,0,22012,46,168,12,12,4,103.69454111774687
layered,0,22,0,22012,46,168,12,12,5,103.69454111774687
layered,0,22,0,22012,46,168,12,12,6,103.69454111774687
layered,0,22,0,22012,46,168,12,12,7,103.69454111774687
layered,0,22,0,22012,46,168,12,12,8,103.69454111774687
layered,0,22,0,22012,46,168,12,12,9,103.69454111774687
layered,0,22,0,22012,46,168,12,12,10,103.69454111774687
layered,0,22,0,22012,46,168,12,12,11,103.69454111774687
layered,0,22,0,22012,46,168,12,12,12,103.69454111774687
layered,0,23,0,23012,46,168,12,12,0,111.17950984165529
layered,0,23,0,23012,46,168,12,12,1,111.17950984165529
layered,0,23,0,23012,46,168,12,12,2,106.6975992213016
layered,0,23,0,23012,46,168,12,12,3,106.6975992213016
layered,0,23,0,23012,46,168,12,12,4,106.31970848357908
layered,0,23,0,23012,46,168,12,12,5,106.31970848357908
layered,0,23,0,23012,46,168,12,12,6,106.14686961552127
layered,0,23,0,23012,46,168,12,12,7,105.95404571552052
layered,0,23,0,23012,46,168,12,12,8,105.76897887779873
layered,0,23,0,23012,46,168,12,12,9,105.76897887779873
layered,0,23,0,23012,46,168,12,12,10,105.76897887779873
layered,0,23,0,23012,46,168,12,12,11,105.76897887779873
layered,0,23,0,23012,46,168,12,12,12,105.76897887779873
layered,0,24,0,24012,46,168,12,12,0,108.24218665383131
layered,0,24,0,24012,46,168,12,12,1,108.24218665383131
layered,0,24,0,24012,46,168,12,12,2,108.24218665383131
layered,0,24,0,24012,46,168,12,12,3,107.44606341663595
layered,0,24,0,24012,46,168,12,12,4,107.44606341663595
layered,0,24,0,24012,46,168,12,12,5,107.44606341663595
layered,0,24,0,24012,46,168,12,12,6,107.44606341663595
layered,0,24,0,24012,46,168,12,12,7,107.44606341663595
layered,0,24,0,24012,46,168,12,12,8,107.44606341663595
layered,0,24,0,24012,46,168,12,12,9,107.44606341663595
layered,0,24,0,24012,46,168,12,12,10,107.44606341663595
layered,0,24,0,24012,46,168,12,12,11,107.44606341663595
layered,0,24,0,24012,46,168,12,12,12,107.44606341663595
layered,0,25,0,25012,46,168,12,12,0,98.29193861019193
layered,0,25,0,25012,46,168,12,12,1,98.29193861019193
layered,0,25,0,25012,46,168,12,12,2,97.12829657756704
layered,0,25,0,25012,46,168,12,12,3,96.83517419931995
layered,0,25,0,25012,46,168,12,12,4,95.02048290611052
layered,0,25,0,25012,46,168,12,12,5,93.85684087348562
layered,0,25,0,25012,46,168,12,12,6,93.85684087348562
layered,0,25,0,25012,46,168,12,12,7,92.6436008608547
layered,0,25,0,25012,46,168,12,12,8,92.6436008608547
layered,0,25,0,25012,46,168,12,12,9,92.6436008608547
layered,0,25,0,25012,46,168,12,12,10,92.6436008608547
layered,0,25,0,25012,46,168,12,12,11,92.6436008608547
layered,0,25,0,25012,46,168,12,12,12,92.6436008608547
layered,0,26,0,26012,46,168,12,12,0,110.98689256832064
layered,0,26,0,26012,46,168,12,12,1,110.98689256832064
layered,0,26,0,26012,46,168,12,12,2,108.03102147652298
layered,0,26,0,26012,46,168,12,12,3,107.2135706408069
layered,0,26,0,26012,46,168,12,12,4,105.22578885848124
layered,0,26,0,26012,46,168,12,12,5,104.23409039357668
layered,0,26,0,26012,46,168,12,12,6,102.96373983737298
layered,0,26,0,26012,46,168,12,12,7,101.4524669309675
layered,0,26,0,26012,46,168,12,12,8,100.88225560463258
layered,0,26,0,26012,46,168,12,12,9,99.6929702188069
layered,0,26,0,26012,46,168,12,12,10,99.12275889247198
layered,0,26,0,26012,46,168,12,12,11,99.12275889247198
layered,0,26,0,26012,46,168,12,12,12,99.12275889247198
layered,0,27,0,27012,46,168,12,12,0,100.16417648389192
layered,0,27,0,27012,46,168,12,12,1,100.16417648389192
layered,0,27,0,27012,46,168,12,12,2,99.62991951908415
layered,0,27,0,27012,46,168,12,12,3,98.27627271051179
layered,0,27,0,27012,46,168,12,12,4,98.27627271051179
layered,0,27,0,27012,46,168,12,12,5,97.95407141662449
layered,0,27,0,27012,46,168,12,12,6,96.86026789763321
layered,0,27,0,27012,46,168,12,12,7,96.82579591096571
layered,0,27,0,27012,46,168,12,12,8,96.48253882910626
layered,0,27,0,27012,46,168,12,12,9,95.88951772808801
layered,0,27,0,27012,46,168,12,12,10,95.62334837480253
layered,0,27,0,27012,46,168,12,12,11,95.62334837480253
layered,0,27,0,27012,46,168,12,12,12,95.62334837480253
layered,0,28,0,28012,46,168,12,12,0,108.71288361992411
layered,0,28,0,28012,46,168,12,12,1,108.71288361992411
layered,0,28,0,28012,46,168,12,12,2,106.67520964271324
layered,0,28,0,28012,46,168,12,12,3,104.05206051750253
layered,0,28,0,28012,46,168,12,12,4,103.85604281374935
layered,0,28,0,28012,46,168,12,12,5,103.59777644237037
layered,0,28,0,28012,46,168,12,12,6,103.01434269840078
layered,0,28,0,28012,46,168,12,12,7,103.01434269840078
layered,0,28,0,28012,46,168,12,12,8,102.56005862326862
layered,0,28,0,28012,46,168,12,12,9,102.29460339368623
layered,0,28,0,28012,46,168,12,12,10,102.29460339368623
layered,0,28,0,28012,46,168,12,12,11,101.84031931855408
layered,0,28,0,28012,46,168,12,12,12,101.84031931855408
layered,0,29,0,29012,46,168,12,12,0,119.70610684489435
layered,0,29,0,29012,46,168,12,12,1,119.70610684489435
layered,0,29,0,29012,46,168,12,12,2,116.22338168003546
layered,0,29,0,29012,46,168,12,12,3,116.22338168003546
layered,0,29,0,29012,46,168,12,12,4,112.6899071016731
layered,0,29,0,29012,46,168,12,12,5,112.6899071016731
layered,0,29,0,29012,46,168,12,12,6,109.24683186069043
layered,0,29,0,29012,46,168,12,12,7,109.24683186069043
layered,0,29,0,29012,46,168,12,12,8,107.46004116009155
layered,0,29,0,29012,46,168,12,12,9,107.46004116009155
layered,0,29,0,29012,46,168,12,12,10,107.46004116009155
layered,0,29,0,29012,46,168,12,12,11,107.46004116009155
layered,0,29,0,29012,46,168,12,12,12,107.46004116009155
random_dag,0,0,20260910,15,46,246,6,12,0,66.5886436881169
random_dag,0,0,20260910,15,46,246,6,12,1,66.29416787854186
random_dag,0,0,20260910,15,46,246,6,12,2,62.526764381885954
random_dag,0,0,20260910,15,46,246,6,12,3,62.526764381885954
random_dag,0,0,20260910,15,46,246,6,12,4,62.526764381885954
random_dag,0,0,20260910,15,46,246,6,12,5,62.526764381885954
random_dag,0,0,20260910,15,46,246,6,12,6,62.526764381885954
random_dag,0,1,20260910,16,46,246,6,12,0,79.9912601089662
random_dag,0,1,20260910,16,46,246,6,12,1,79.9912601089662
random_dag,0,1,20260910,16,46,246,6,12,2,77.01303120699593
random_dag,0,1,20260910,16,46,246,6,12,3,75.39180937276134
random_dag,0,1,20260910,16,46,246,6,12,4,75.39180937276134
random_dag,0,1,20260910,16,46,246,6,12,5,72.41358047079108
random_dag,0,1,20260910,16,46,246,6,12,6,72.41358047079108
random_dag,0,2,20260910,17,46,246,6,12,0,77.91637801672823
random_dag,0,2,20260910,17,46,246,6,12,1,76.33752775260228
random_dag,0,2,20260910,17,46,246,6,12,2,74.80599641248998
random_dag,0,2,20260910,17,46,246,6,12,3,74.55964163849757
random_dag,0,2,20260910,17,46,246,6,12,4,73.02811029838526
random_dag,0,2,20260910,17,46,246,6,12,5,72.12621228387223
random_dag,0,2,20260910,17,46,246,6,12,6,71.19510628510837
random_dag,1,0,20260911,115,46,244,6,12,0,71.48105702380894
random_dag,1,0,20260911,115,46,244,6,12,1,70.73462415361126
random_dag,1,0,20260911,115,46,244,6,12,2,65.44308192628753
random_dag,1,0,20260911,115,46,244,6,12,3,64.72972391899695
random_dag,1,0,20260911,115,46,244,6,12,4,64.72972391899695
random_dag,1,0,20260911,115,46,244,6,12,5,64.72972391899695
random_dag,1,0,20260911,115,46,244,6,12,6,64.34315804126209
random_dag,1,1,20260911,116,46,244,6,12,0,71.09638122905609
random_dag,1,1,20260911,116,46,244,6,12,1,70.05662099208962
random_dag,1,1,20260911,116,46,244,6,12,2,68.53593787692698
random_dag,1,1,20260911,116,46,244,6,12,3,65.93208033071278
random_dag,1,1,20260911,116,46,244,6,12,4,65.59149764922542
random_dag,1,1,20260911,116,46,244,6,12,5,65.59149764922542
random_dag,1,1,20260911,116,46,244,6,12,6,65.48765702639625
random_dag,1,2,20260911,117,46,244,6,12,0,70.7954489497348
random_dag,1,2,20260911,117,46,244,6,12,1,70.7954489497348
random_dag,1,2,20260911,117,46,244,6,12,2,70.70449617753295
random_dag,1,2,20260911,117,46,244,6,12,3,66.83757961742413
random_dag,1,2,20260911,117,46,244,6,12,4,66.83757961742413
random_dag,1,2,20260911,117,46,244,6,12,5,66.83757961742413
random_dag,1,2,20260911,117,46,244,6,12,6,66.83757961742413
random_dag,2,0,20260912,215,46,249,6,12,0,61.6061540804596
random_dag,2,0,20260912,215,46,249,6,12,1,61.6061540804596
random_dag,2,0,20260912,215,46,249,6,12,2,58.978540416298834
random_dag,2,0,20260912,215,46,249,6,12,3,58.978540416298834
random_dag,2,0,20260912,215,46,249,6,12,4,57.779907952894035
random_dag,2,0,20260912,215,46,249,6,12,5,57.779907952894035
random_dag,2,0,20260912,215,46,249,6,12,6,57.779907952894035
random_dag,2,1,20260912,216,46,249,6,12,0,58.21441232364977
random_dag,2,1,20260912,216,46,249,6,12,1,57.72649537846131
random_dag,2,1,20260912,216,46,249,6,12,2,57.72649537846131
random_dag,2,1,20260912,216,46,249,6,12,3,57.40576545288238
random_dag,2,1,20260912,216,46,249,6,12,4,57.40576545288238
random_dag,2,1,20260912,216,46,249,6,12,5,57.40576545288238
random_dag,2,1,20260912,216,46,249,6,12,6,57.40576545288238
random_dag,2,2,20260912,217,46,249,6,12,0,63.89739331389282
random_dag,2,2,20260912,217,46,249,6,12,1,63.89739331389282
random_dag,2,2,20260912,217,46,249,6,12,2,63.58534957315615
random_dag,2,2,20260912,217,46,249,6,12,3,61.82578537942551
random_dag,2,2,20260912,217,46,249,6,12,4,61.82578537942551
random_dag,2,2,20260912,217,46,249,6,12,5,61.82578537942551
random_dag,2,2,20260912,217,46,249,6,12,6,60.19737148678914
random_dag,3,0,20260913,315,46,262,6,12,0,68.75667756930555
random_dag,3,0,20260913,315,46,262,6,12,1,68.75667756930555
random_dag,3,0,20260913,315,46,262,6,12,2,67.34402401807722
random_dag,3,0,20260913,315,46,262,6,12,3,66.67692994985009
random_dag,3,0,20260913,315,46,262,6,12,4,66.67692994985009
random_dag,3,0,20260913,315,46,262,6,12,5,65.26427639862175
random_dag,3,0,20260913,315,46,262,6,12,6,65.26427639862175
random_dag,3,1,20260913,316,46,262,6,12,0,61.821205901949114
random_dag,3,1,20260913,316,46,262,6,12,1,61.821205901949114
random_dag,3,1,20260913,316,46,262,6,12,2,60.952510439962396
random_dag,3,1,20260913,316,46,262,6,12,3,60.952510439962396
random_dag,3,1,20260913,316,46,262,6,12,4,60.952510439962396
random_dag,3,1,20260913,316,46,262,6,12,5,60.952510439962396
random_dag,3,1,20260913,316,46,262,6,12,6,60.952510439962396
random_dag,3,2,20260913,317,46,262,6,12,0,60.202443152722616
random_dag,3,2,20260913,317,46,262,6,12,1,60.202443152722616
random_dag,3,2,20260913,317,46,262,6,12,2,57.46147880381633
random_dag,3,2,20260913,317,46,262,6,12,3,56.07315456544144
random_dag,3,2,20260913,317,46,262,6,12,4,54.990690145138224
random_dag,3,2,20260913,317,46,262,6,12,5,54.990690145138224
random_dag,3,2,20260913,317,46,262,6,12,6,54.990690145138224
random_dag,4,0,20260914,415,46,241,6,12,0,77.37419778498995
random_dag,4,0,20260914,415,46,241,6,12,1,77.37419778498995
random_dag,4,0,20260914,415,46,241,6,12,2,75.53397592558969
random_dag,4,0,20260914,415,46,241,6,12,3,75.02716097176845
random_dag,4,0,20260914,415,46,241,6,12,4,73.59159719784898
random_dag,4,0,20260914,415,46,241,6,12,5,71.75137533844872
random_dag,4,0,20260914,415,46,241,6,12,6,71.75137533844872
random_dag,4,1,20260914,416,46,241,6,12,0,65.96653001195037
random_dag,4,1,20260914,416,46,241,6,12,1,64.20568806162066
random_dag,4,1,20260914,416,46,241,6,12,2,64.20568806162066
random_dag,4,1,20260914,416,46,241,6,12,3,62.19295325181837
random_dag,4,1,20260914,416,46,241,6,12,4,61.801712165969775
random_dag,4,1,20260914,416,46,241,6,12,5,61.801712165969775
random_dag,4,1,20260914,416,46,241,6,12,6,61.44963208317391
random_dag,4,2,20260914,417,46,241,6,12,0,67.30144781392515
random_dag,4,2,20260914,417,46,241,6,12,1,67.30144781392515
random_dag,4,2,20260914,417,46,241,6,12,2,63.73733020924361
random_dag,4,2,20260914,417,46,241,6,12,3,63.73488806650476
random_dag,4,2,20260914,417,46,241,6,12,4,63.50895687034077
random_dag,4,2,20260914,417,46,241,6,12,5,61.046390822871025
random_dag,4,2,20260914,417,46,241,6,12,6,61.046390822871025
random_dag,5,0,20260915,515,46,239,6,12,0,48.70642962388243
random_dag,5,0,20260915,515,46,239,6,12,1,48.70642962388243
random_dag,5,0,20260915,515,46,239,6,12,2,47.35125442081067
random_dag,5,0,20260915,515,46,239,6,12,3,47.35125442081067
random_dag,5,0,20260915,515,46,239,6,12,4,47.35125442081067
random_dag,5,0,20260915,515,46,239,6,12,5,47.35125442081067
random_dag,5,0,20260915,515,46,239,6,12,6,47.35125442081067
random_dag,5,1,20260915,516,46,239,6,12,0,86.34462051876882
random_dag,5,1,20260915,516,46,239,6,12,1,83.31594363764503
random_dag,5,1,20260915,516,46,239,6,12,2,82.01301999259962
random_dag,5,1,20260915,516,46,239,6,12,3,80.5215946916186
random_dag,5,1,20260915,516,46,239,6,12,4,79.28350517770126
random_dag,5,1,20260915,516,46,239,6,12,5,77.78944516859576
random_dag,5,1,20260915,516,46,239,6,12,6,76.08909437509759
random_dag,5,2,20260915,517,46,239,6,12,0,69.39335530631567
random_dag,5,2,20260915,517,46,239,6,12,1,68.43914826130096
random_dag,5,2,20260915,517,46,239,6,12,2,68.17762630141925
random_dag,5,2,20260915,517,46,239,6,12,3,67.22341925640453
random_dag,5,2,20260915,517,46,239,6,12,4,67.22341925640453
random_dag,5,2,20260915,517,46,239,6,12,5,66.38386782289854
random_dag,5,2,20260915,517,46,239,6,12,6,66.38386782289854
random_dag,6,0,20260916,615,46,250,6,12,0,68.51153949176988
random_dag,6,0,20260916,615,46,250,6,12,1,66.31090622025481
random_dag,6,0,20260916,615,46,250,6,12,2,63.72796026457935
random_dag,6,0,20260916,615,46,250,6,12,3,62.31990276362356
random_dag,6,0,20260916,615,46,250,6,12,4,61.38895365433284
random_dag,6,0,20260916,615,46,250,6,12,5,59.36256863944031
random_dag,6,0,20260916,615,46,250,6,12,6,58.931479064641735
random_dag,6,1,20260916,616,46,250,6,12,0,62.70977035018085
random_dag,6,1,20260916,616,46,250,6,12,1,62.70977035018085
random_dag,6,1,20260916,616,46,250,6,12,2,61.98822248431792
random_dag,6,1,20260916,616,46,250,6,12,3,61.98822248431792
random_dag,6,1,20260916,616,46,250,6,12,4,61.08735990432139
random_dag,6,1,20260916,616,46,250,6,12,5,61.08735990432139
random_dag,6,1,20260916,616,46,250,6,12,6,60.36581203845847
random_dag,6,2,20260916,617,46,250,6,12,0,48.160969555361135
random_dag,6,2,20260916,617,46,250,6,12,1,48.160969555361135
random_dag,6,2,20260916,617,46,250,6,12,2,48.160969555361135
random_dag,6,2,20260916,617,46,250,6,12,3,43.406623992261885
random_dag,6,2,20260916,617,46,250,6,12,4,43.406623992261885
random_dag,6,2,20260916,617,46,250,6,12,5,43.406623992261885
random_dag,6,2,20260916,617,46,250,6,12,6,42.602919854286625
random_dag,7,0,20260917,715,46,240,6,12,0,68.64667723523439
random_dag,7,0,20260917,715,46,240,6,12,1,68.59796248775783
random_dag,7,0,20260917,715,46,240,6,12,2,63.90271274195674
random_dag,7,0,20260917,715,46,240,6,12,3,63.85399799448018
random_dag,7,0,20260917,715,46,240,6,12,4,62.48496762082984
random_dag,7,0,20260917,715,46,240,6,12,5,62.48496762082984
random_dag,7,0,20260917,715,46,240,6,12,6,61.85418558512455
random_dag,7,1,20260917,716,46,240,6,12,0,61.18756935032358
random_dag,7,1,20260917,716,46,240,6,12,1,61.18756935032358
random_dag,7,1,20260917,716,46,240,6,12,2,60.84268498709043
random_dag,7,1,20260917,716,46,240,6,12,3,56.40844041717261
random_dag,7,1,20260917,716,46,240,6,12,4,55.43401195302131
random_dag,7,1,20260917,716,46,240,6,12,5,55.43401195302131
random_dag,7,1,20260917,716,46,240,6,12,6,55.43401195302131
random_dag,7,2,20260917,717,46,240,6,12,0,65.11857974952763
random_dag,7,2,20260917,717,46,240,6,12,1,65.11857974952763
random_dag,7,2,20260917,717,46,240,6,12,2,65.11857974952763
random_dag,7,2,20260917,717,46,240,6,12,3,65.11857974952763
random_dag,7,2,20260917,717,46,240,6,12,4,64.6744581903869
random_dag,7,2,20260917,717,46,240,6,12,5,64.6744581903869
random_dag,7,2,20260917,717,46,240,6,12,6,64.6744581903869
random_dag,8,0,20260918,815,46,240,6,12,0,59.509738484788606
random_dag,8,0,20260918,815,46,240,6,12,1,59.509738484788606
random_dag,8,0,20260918,815,46,240,6,12,2,56.13143160537483
random_dag,8,0,20260918,815,46,240,6,12,3,54.97164673427234
random_dag,8,0,20260918,815,46,240,6,12,4,54.97164673427234
random_dag,8,0,20260918,815,46,240,6,12,5,54.82416911434173
random_dag,8,0,20260918,815,46,240,6,12,6,54.82416911434173
random_dag,8,1,20260918,816,46,240,6,12,0,55.26214960494991
random_dag,8,1,20260918,816,46,240,6,12,1,55.26214960494991
random_dag,8,1,20260918,816,46,240,6,12,2,55.26214960494991
random_dag,8,1,20260918,816,46,240,6,12,3,53.05695089746514
random_dag,8,1,20260918,816,46,240,6,12,4,53.05695089746514
random_dag,8,1,20260918,816,46,240,6,12,5,52.55076874429331
random_dag,8,1,20260918,816,46,240,6,12,6,51.383980277974366
random_dag,8,2,20260918,817,46,240,6,12,0,74.05907379901127
random_dag,8,2,20260918,817,46,240,6,12,1,73.64187658526632
random_dag,8,2,20260918,817,46,240,6,12,2,69.79996796101727
random_dag,8,2,20260918,817,46,240,6,12,3,69.79996796101727
random_dag,8,2,20260918,817,46,240,6,12,4,68.99510775705883
random_dag,8,2,20260918,817,46,240,6,12,5,68.99510775705883
random_dag,8,2,20260918,817,46,240,6,12,6,68.99510775705883
random_dag,9,0,20260919,915,46,246,7,12,0,64.41542067411963
random_dag,9,0,20260919,915,46,246,7,12,1,64.02562400684319
random_dag,9,0,20260919,915,46,246,7,12,2,64.02562400684319
random_dag,9,0,20260919,915,46,246,7,12,3,61.92212596370795
random_dag,9,0,20260919,915,46,246,7,12,4,61.53232929643151
random_dag,9,0,20260919,915,46,246,7,12,5,61.00229181837758
random_dag,9,0,20260919,915,46,246,7,12,6,60.61249515110114
random_dag,9,0,20260919,915,46,246,7,12,7,60.61249515110114
random_dag,9,1,20260919,916,46,246,7,12,0,73.07481335125374
random_dag,9,1,20260919,916,46,246,7,12,1,73.07481335125374
random_dag,9,1,20260919,916,46,246,7,12,2,71.01859684832259
random_dag,9,1,20260919,916,46,246,7,12,3,69.9764860475395
random_dag,9,1,20260919,916,46,246,7,12,4,69.9764860475395
random_dag,9,1,20260919,916,46,246,7,12,5,69.47064073039573
random_dag,9,1,20260919,916,46,246,7,12,6,68.45913630784308
random_dag,9,1,20260919,916,46,246,7,12,7,68.20383606098343
random_dag,9,2,20260919,917,46,246,7,12,0,58.898416490564614
random_dag,9,2,20260919,917,46,246,7,12,1,57.76516592614886
random_dag,9,2,20260919,917,46,246,7,12,2,56.93841009538352
random_dag,9,2,20260919,917,46,246,7,12,3,55.80515953096777
random_dag,9,2,20260919,917,46,246,7,12,4,54.92219112138985
random_dag,9,2,20260919,917,46,246,7,12,5,54.92219112138985
random_dag,9,2,20260919,917,46,246,7,12,6,54.92219112138985
random_dag,9,2,20260919,917,46,246,7,12,7,54.92219112138985
grid,0,0,0,13,49,84,12,12,0,131.5582966056759
grid,0,0,0,13,49,84,12,12,1,131.5582966056759
grid,0,0,0,13,49,84,12,12,2,127.21696872877158
grid,0,0,0,13,49,84,12,12,3,127.21696872877158
grid,0,0,0,13,49,84,12,12,4,124.06476933741038
grid,0,0,0,13,49,84,12,12,5,124.06476933741038
grid,0,0,0,13,49,84,12,12,6,124.06476933741038
grid,0,0,0,13,49,84,12,12,7,124.06476933741038
grid,0,0,0,13,49,84,12,12,8,124.06476933741038
grid,0,0,0,13,49,84,12,12,9,124.06476933741038
grid,0,0,0,13,49,84,12,12,10,124.06476933741038
grid,0,0,0,13,49,84,12,12,11,124.06476933741038
grid,0,0,0,13,49,84,12,12,12,124.06476933741038
grid,0,1,0,1013,49,84,12,12,0,125.87206080098241
grid,0,1,0,1013,49,84,12,12,1,125.87206080098241
grid,0,1,0,1013,49,84,12,12,2,125.28974678929308
grid,0,1,0,1013,49,84,12,12,3,125.28974678929308
grid,0,1,0,1013,49,84,12,12,4,125.28974678929308
grid,0,1,0,1013,49,84,12,12,5,125.28974678929308
grid,0,1,0,1013,49,84,12,12,6,125.28974678929308
grid,0,1,0,1013,49,84,12,12,7,125.28974678929308
grid,0,1,0,1013,49,84,12,12,8,125.28974678929308
grid,0,1,0,1013,49,84,12,12,9,125.28974678929308
grid,0,1,0,1013,49,84,12,12,10,125.28974678929308
grid,0,1,0,1013,49,84,12,12,11,125.28974678929308
grid,0,1,0,1013,49,84,12,12,12,125.28974678929308
grid,0,2,0,2013,49,84,12,12,0,130.82346884537446
grid,0,2,0,2013,49,84,12,12,1,130.82346884537446
grid,0,2,0,2013,49,84,12,12,2,130.82346884537446
grid,0,2,0,2013,49,84,12,12,3,130.82346884537446
grid,0,2,0,2013,49,84,12,12,4,130.22227623469382
grid,0,2,0,2013,49,84,12,12,5,129.26032962023396
grid,0,2,0,2013,49,84,12,12,6,129.26032962023396
grid,0,2,0,2013,49,84,12,12,7,129.26032962023396
grid,0,2,0,2013,49,84,12,12,8,129.26032962023396
grid,0,2,0,2013,49,84,12,12,9,129.26032962023396
grid,0,2,0,2013,49,84,12,12,10,129.26032962023396
grid,0,2,0,2013,49,84,12,12,11,129.26032962023396
grid,0,2,0,2013,49,84,12,12,12,129.26032962023396
grid,0,3,0,3013,49,84,12,12,0,148.95309918002405
grid,0,3,0,3013,49,84,12,12,1,148.95309918002405
grid,0,3,0,3013,49,84,12,12,2,146.2188798077766
grid,0,3,0,3013,49,84,12,12,3,146.2188798077766
grid,0,3,0,3013,49,84,12,12,4,145.2785304405163
grid,0,3,0,3013,49,84,12,12,5,145.2785304405163
grid,0,3,0,3013,49,84,12,12,6,145.2785304405163
grid,0,3,0,3013,49,84,12,12,7,145.04526687940427
grid,0,3,0,3013,49,84,12,12,8,145.04526687940427
grid,0,3,0,3013,49,84,12,12,9,145.04526687940427
grid,0,3,0,3013,49,84,12,12,10,145.04526687940427
grid,0,3,0,3013,49,84,12,12,11,145.04526687940427
grid,0,3,0,3013,49,84,12,12,12,145.04526687940427
grid,0,4,0,4013,49,84,12,12,0,141.31405420335867
grid,0,4,0,4013,49,84,12,12,1,141.31405420335867
grid,0,4,0,4013,49,84,12,12,2,139.85901621944714
grid,0,4,0,4013,49,84,12,12,3,139.85901621944714
grid,0,4,0,4013,49,84,12,12,4,139.85901621944714
grid,0,4,0,4013,49,84,12,12,5,139.85901621944714
grid,0,4,0,4013,49,84,12,12,6,139.85901621944714
grid,0,4,0,4013,49,84,12,12,7,139.85901621944714
grid,0,4,0,4013,49,84,12,12,8,139.85901621944714
grid,0,4,0,4013,49,84,12,12,9,139.85901621944714
grid,0,4,0,4013,49,84,12,12,10,139.85901621944714
grid,0,4,0,4013,49,84,12,12,11,139.85901621944714
grid,0,4,0,4013,49,84,12,12,12,139.38968867166065
grid,0,5,0,5013,49,84,12,12,0,134.9400721015835
grid,0,5,0,5013,49,84,12,12,1,134.9400721015835
grid,0,5,0,5013,49,84,12,12,2,132.94300879964769
grid,0,5,0,5013,49,84,12,12,3,132.94300879964769
grid,0,5,0,5013,49,84,12,12,4,132.94300879964769
grid,0,5,0,5013,49,84,12,12,5,132.94300879964769
grid,0,5,0,5013,49,84,12,12,6,132.94300879964769
grid,0,5,0,5013,49,84,12,12,7,131.66806827243863
grid,0,5,0,5013,49,84,12,12,8,131.66806827243863
grid,0,5,0,5013,49,84,12,12,9,131.60209848034378
grid,0,5,0,5013,49,84,12,12,10,131.60209848034378
grid,0,5,0,5013,49,84,12,12,11,131.60209848034378
grid,0,5,0,5013,49,84,12,12,12,131.60209848034378
grid,0,6,0,6013,49,84,12,12,0,153.24806812915597
grid,0,6,0,6013,49,84,12,12,1,153.24806812915597
grid,0,6,0,6013,49,84,12,12,2,153.19903071307274
grid,0,6,0,6013,49,84,12,12,3,153.19903071307274
grid,0,6,0,6013,49,84,12,12,4,153.19903071307274
grid,0,6,0,6013,49,84,12,12,5,153.19903071307274
grid,0,6,0,6013,49,84,12,12,6,152.2086293865667
grid,0,6,0,6013,49,84,12,12,7,151.08481087880614
grid,0,6,0,6013,49,84,12,12,8,150.632583943175
grid,0,6,0,6013,49,84,12,12,9,150.632583943175
grid,0,6,0,6013,49,84,12,12,10,150.632583943175
grid,0,6,0,6013,49,84,12,12,11,150.38575927724645
grid,0,6,0,6013,49,84,12,12,12,146.44333421116235
grid,0,7,0,7013,49,84,12,12,0,149.94728289225404
grid,0,7,0,7013,49,84,12,12,1,149.94728289225404
grid,0,7,0,7013,49,84,12,12,2,149.94163859506244
grid,0,7,0,7013,49,84,12,12,3,148.28716571312032
grid,0,7,0,7013,49,84,12,12,4,148.28716571312032
grid,0,7,0,7013,49,84,12,12,5,148.28152141592872
grid,0,7,0,7013,49,84,12,12,6,148.28152141592872
grid,0,7,0,7013,49,84,12,12,7,148.28152141592872
grid,0,7,0,7013,49,84,12,12,8,148.28152141592872
grid,0,7,0,7013,49,84,12,12,9,148.28152141592872
grid,0,7,0,7013,49,84,12,12,10,148.28152141592872
grid,0,7,0,7013,49,84,12,12,11,148.28152141592872
grid,0,7,0,7013,49,84,12,12,12,148.28152141592872
grid,0,8,0,8013,49,84,12,12,0,148.20948524710155
grid,0,8,0,8013,49,84,12,12,1,148.20948524710155
grid,0,8,0,8013,49,84,12,12,2,148.20948524710155
grid,0,8,0,8013,49,84,12,12,3,148.20948524710155
grid,0,8,0,8013,49,84,12,12,4,148.20948524710155
grid,0,8,0,8013,49,84,12,12,5,148.20948524710155
grid,0,8,0,8013,49,84,12,12,6,148.20948524710155
grid,0,8,0,8013,49,84,12,12,7,148.20948524710155
grid,0,8,0,8013,49,84,12,12,8,145.4314675918929
grid,0,8,0,8013,49,84,12,12,9,145.4314675918929
grid,0,8,0,8013,49,84,12,12,10,145.4314675918929
grid,0,8,0,8013,49,84,12,12,11,145.4314675918929
grid,0,8,0,8013,49,84,12,12,12,145.4314675918929
grid,0,9,0,9013,49,84,12,12,0,156.10350455645266
grid,0,9,0,9013,49,84,12,12,1,156.10350455645266
grid,0,9,0,9013,49,84,12,12,2,156.10350455645266
grid,0,9,0,9013,49,84,12,12,3,156.10350455645266
grid,0,9,0,9013,49,84,12,12,4,156.10350455645266
grid,0,9,0,9013,49,84,12,12,5,156.10350455645266
grid,0,9,0,9013,49,84,12,12,6,156.10350455645266
grid,0,9,0,9013,49,84,12,12,7,156.10350455645266
grid,0,9,0,9013,49,84,12,12,8,156.10350455645266
grid,0,9,0,9013,49,84,12,12,9,156.10350455645266
grid,0,9,0,9013,49,84,12,12,10,156.10350455645266
grid,0,9,0,9013,49,84,12,12,11,156.10350455645266
grid,0,9,0,9013,49,84,12,12,12,156.10350455645266
grid,0,10,0,10013,49,84,12,12,0,167.77058471748353
grid,0,10,0,10013,49,84,12,12,1,167.77058471748353
grid,0,10,0,10013,49,84,12,12,2,166.4651086381255
grid,0,10,0,10013,49,84,12,12,3,165.50970254757124
grid,0,10,0,10013,49,84,12,12,4,165.09728361326495
grid,0,10,0,10013,49,84,12,12,5,165.09728361326495
grid,0,10,0,10013,49,84,12,12,6,164.3517617212276
grid,0,10,0,10013,49,84,12,12,7,163.39635563067336
grid,0,10,0,10013,49,84,12,12,8,162.98393669636707
grid,0,10,0,10013,49,84,12,12,9,162.98393669636707
grid,0,10,0,10013,49,84,12,12,10,162.98393669636707
grid,0,10,0,10013,49,84,12,12,11,162.98393669636707
grid,0,10,0,10013,49,84,12,12,12,162.98393669636707
grid,0,11,0,11013,49,84,12,12,0,156.2951275255401
grid,0,11,0,11013,49,84,12,12,1,156.2951275255401
grid,0,11,0,11013,49,84,12,12,2,155.57807130453614
grid,0,11,0,11013,49,84,12,12,3,154.9437545586529
grid,0,11,0,11013,49,84,12,12,4,154.14014771795453
grid,0,11,0,11013,49,84,12,12,5,154.14014771795453
grid,0,11,0,11013,49,84,12,12,6,154.14014771795453
grid,0,11,0,11013,49,84,12,12,7,154.14014771795453
grid,0,11,0,11013,49,84,12,12,8,154.14014771795453
grid,0,11,0,11013,49,84,12,12,9,150.01874131872177
grid,0,11,0,11013,49,84,12,12,10,149.62416692327267
grid,0,11,0,11013,49,84,12,12,11,149.62416692327267
grid,0,11,0,11013,49,84,12,12,12,148.67442428742618
grid,0,12,0,12013,49,84,12,12,0,123.3721359112136
grid,0,12,0,12013,49,84,12,12,1,123.3721359112136
grid,0,12,0,12013,49,84,12,12,2,122.12878220578466
grid,0,12,0,12013,49,84,12,12,3,122.12878220578466
grid,0,12,0,12013,49,84,12,12,4,122.12878220578466
grid,0,12,0,12013,49,84,12,12,5,122.12878220578466
grid,0,12,0,12013,49,84,12,12,6,122.12878220578466
grid,0,12,0,12013,49,84,12,12,7,122.12878220578466
grid,0,12,0,12013,49,84,12,12,8,122.12878220578466
grid,0,12,0,12013,49,84,12,12,9,122.12878220578466
grid,0,12,0,12013,49,84,12,12,10,122.12878220578466
grid,0,12,0,12013,49,84,12,12,11,122.12878220578466
grid,0,12,0,12013,49,84,12,12,12,122.12878220578466
grid,0,13,0,13013,49,84,12,12,0,121.0198992597044
grid,0,13,0,13013,49,84,12,12,1,121.0198992597044
grid,0,13,0,13013,49,84,12,12,2,119.28529716973453
grid,0,13,0,13013,49,84,12,12,3,119.28529716973453
grid,0,13,0,13013,49,84,12,12,4,119.28529716973453
grid,0,13,0,13013,49,84,12,12,5,119.28529716973453
grid,0,13,0,13013,49,84,12,12,6,119.28529716973453
grid,0,13,0,13013,49,84,12,12,7,119.28529716973453
grid,0,13,0,13013,49,84,12,12,8,119.28529716973453
grid,0,13,0,13013,49,84,12,12,9,119.28529716973453
grid,0,13,0,13013,49,84,12,12,10,119.28529716973453
grid,0,13,0,13013,49,84,12,12,11,119.28529716973453
grid,0,13,0,13013,49,84,12,12,12,119.28529716973453
grid,0,14,0,14013,49,84,12,12,0,148.78227946664515
grid,0,14,0,14013,49,84,12,12,1,148.78227946664515
grid,0,14,0,14013,49,84,12,12,2,146.74750483123833
grid,0,14,0,14013,49,84,12,12,3,145.91655367786876
grid,0,14,0,14013,49,84,12,12,4,141.25478234885526
grid,0,14,0,14013,49,84,12,12,5,141.25478234885526
grid,0,14,0,14013,49,84,12,12,6,141.25478234885526
grid,0,14,0,14013,49,84,12,12,7,141.25478234885526
grid,0,14,0,14013,49,84,12,12,8,141.25478234885526
grid,0,14,0,14013,49,84,12,12,9,139.96338199039803
grid,0,14,0,14013,49,84,12,12,10,139.96338199039803
grid,0,14,0,14013,49,84,12,12,11,139.96338199039803
grid,0,14,0,14013,49,84,12,12,12,139.96338199039803
grid,0,15,0,15013,49,84,12,12,0,142.31631533561236
grid,0,15,0,15013,49,84,12,12,1,142.31631533561236
grid,0,15,0,15013,49,84,12,12,2,140.89604260934652
grid,0,15,0,15013,49,84,12,12,3,140.89604260934652
grid,0,15,0,15013,49,84,12,12,4,140.4173346205013
grid,0,15,0,15013,49,84,12,12,5,140.16734294672025
grid,0,15,0,15013,49,84,12,12,6,140.16734294672025
grid,0,15,0,15013,49,84,12,12,7,140.16734294672025
grid,0,15,0,15013,49,84,12,12,8,140.16734294672025
grid,0,15,0,15013,49,84,12,12,9,140.16734294672025
grid,0,15,0,15013,49,84,12,12,10,140.16734294672025
grid,0,15,0,15013,49,84,12,12,11,140.16734294672025
grid,0,15,0,15013,49,84,12,12,12,140.16734294672025
grid,0,16,0,16013,49,84,12,12,0,159.4202345776971
grid,0,16,0,16013,49,84,12,12,1,159.4202345776971
grid,0,16,0,16013,49,84,12,12,2,157.3794255777375
grid,0,16,0,16013,49,84,12,12,3,154.48380127725875
grid,0,16,0,16013,49,84,12,12,4,154.48380127725875
grid,0,16,0,16013,49,84,12,12,5,152.44299227729914
grid,0,16,0,16013,49,84,12,12,6,152.44299227729914
grid,0,16,0,16013,49,84,12,12,7,151.67952089676785
grid,0,16,0,16013,49,84,12,12,8,151.67952089676785
grid,0,16,0,16013,49,84,12,12,9,151.67952089676785
grid,0,16,0,16013,49,84,12,12,10,151.67952089676785
grid,0,16,0,16013,49,84,12,12,11,151.67952089676785
grid,0,16,0,16013,49,84,12,12,12,151.67952089676785
grid,0,17,0,17013,49,84,12,12,0,125.84639389547272
grid,0,17,0,17013,49,84,12,12,1,125.84639389547272
grid,0,17,0,17013,49,84,12,12,2,125.84639389547272
grid,0,17,0,17013,49,84,12,12,3,125.84639389547272
grid,0,17,0,17013,49,84,12,12,4,124.18521131203114
grid,0,17,0,17013,49,84,12,12,5,124.18521131203114
grid,0,17,0,17013,49,84,12,12,6,124.18521131203114
grid,0,17,0,17013,49,84,12,12,7,124.18521131203114
grid,0,17,0,17013,49,84,12,12,8,124.18521131203114
grid,0,17,0,17013,49,84,12,12,9,124.18521131203114
grid,0,17,0,17013,49,84,12,12,10,124.18521131203114
grid,0,17,0,17013,49,84,12,12,11,124.18521131203114
grid,0,17,0,17013,49,84,12,12,12,124.18521131203114
grid,0,18,0,18013,49,84,12,12,0,140.31458154657818
grid,0,18,0,18013,49,84,12,12,1,140.31458154657818
grid,0,18,0,18013,49,84,12,12,2,135.8709564570953
grid,0,18,0,18013,49,84,12,12,3,135.8709564570953
grid,0,18,0,18013,49,84,12,12,4,135.8709564570953
grid,0,18,0,18013,49,84,12,12,5,132.87275122968452
grid,0,18,0,18013,49,84,12,12,6,132.87275122968452
grid,0,18,0,18013,49,84,12,12,7,132.87275122968452
grid,0,18,0,18013,49,84,12,12,8,132.30418590327972
grid,0,18,0,18013,49,84,12,12,9,131.53261357504735
grid,0,18,0,18013,49,84,12,12,10,131.53261357504735
grid,0,18,0,18013,49,84,12,12,11,131.53261357504735
grid,0,18,0,18013,49,84,12,12,12,127.80919103762508
grid,0,19,0,19013,49,84,12,12,0,159.84144526509897
grid,0,19,0,19013,49,84,12,12,1,159.84144526509897
grid,0,19,0,19013,49,84,12,12,2,159.84144526509897
grid,0,19,0,19013,49,84,12,12,3,159.44984496101495
grid,0,19,0,19013,49,84,12,12,4,159.44984496101495
grid,0,19,0,19013,49,84,12,12,5,158.81728281528882
grid,0,19,0,19013,49,84,12,12,6,158.81728281528882
grid,0,19,0,19013,49,84,12,12,7,158.81728281528882
grid,0,19,0,19013,49,84,12,12,8,158.81728281528882
grid,0,19,0,19013,49,84,12,12,9,158.43476461686473
grid,0,19,0,19013,49,84,12,12,10,158.09035805728428
grid,0,19,0,19013,49,84,12,12,11,158.09035805728428
grid,0,19,0,19013,49,84,12,12,12,158.09035805728428
grid,0,20,0,20013,49,84,12,12,0,131.742559738863
grid,0,20,0,20013,49,84,12,12,1,131.742559738863
grid,0,20,0,20013,49,84,12,12,2,130.18937927992002
grid,0,20,0,20013,49,84,12,12,3,130.18937927992002
grid,0,20,0,20013,49,84,12,12,4,130.18937927992002
grid,0,20,0,20013,49,84,12,12,5,129.13037848170666
grid,0,20,0,20013,49,84,12,12,6,129.13037848170666
grid,0,20,0,20013,49,84,12,12,7,129.0985785231149
grid,0,20,0,20013,49,84,12,12,8,127.55845117280387
grid,0,20,0,20013,49,84,12,12,9,126.97046079507678
grid,0,20,0,20013,49,84,12,12,10,125.43033344476574
grid,0,20,0,20013,49,84,12,12,11,125.43033344476574
grid,0,20,0,20013,49,84,12,12,12,125.43033344476574
grid,0,21,0,21013,49,84,12,12,0,157.65734251409026
grid,0,21,0,21013,49,84,12,12,1,157.65734251409026
grid,0,21,0,21013,49,84,12,12,2,154.4902885121371
grid,0,21,0,21013,49,84,12,12,3,154.4902885121371
grid,0,21,0,21013,49,84,12,12,4,154.0546108363178
grid,0,21,0,21013,49,84,12,12,5,154.0546108363178
grid,0,21,0,21013,49,84,12,12,6,153.9606835185934
grid,0,21,0,21013,49,84,12,12,7,153.9606835185934
grid,0,21,0,21013,49,84,12,12,8,153.9606835185934
grid,0,21,0,21013,49,84,12,12,9,153.9606835185934
grid,0,21,0,21013,49,84,12,12,10,153.9606835185934
grid,0,21,0,21013,49,84,12,12,11,153.9606835185934
grid,0,21,0,21013,49,84,12,12,12,153.9606835185934
grid,0,22,0,22013,49,84,12,12,0,122.7094180297851
grid,0,22,0,22013,49,84,12,12,1,122.7094180297851
grid,0,22,0,22013,49,84,12,12,2,122.24839435154743
grid,0,22,0,22013,49,84,12,12,3,121.15295707224344
grid,0,22,0,22013,49,84,12,12,4,121.15295707224344
grid,0,22,0,22013,49,84,12,12,5,121.15295707224344
grid,0,22,0,22013,49,84,12,12,6,121.15295707224344
grid,0,22,0,22013,49,84,12,12,7,121.15295707224344
grid,0,22,0,22013,49,84,12,12,8,121.15295707224344
grid,0,22,0,22013,49,84,12,12,9,121.15295707224344
grid,0,22,0,22013,49,84,12,12,10,121.15295707224344
grid,0,22,0,22013,49,84,12,12,11,121.15295707224344
grid,0,22,0,22013,49,84,12,12,12,121.15295707224344
grid,0,23,0,23013,49,84,12,12,0,129.30819310924213
grid,0,23,0,23013,49,84,12,12,1,129.30819310924213
grid,0,23,0,23013,49,84,12,12,2,128.8433186259116
grid,0,23,0,23013,49,84,12,12,3,126.73097388413352
grid,0,23,0,23013,49,84,12,12,4,126.73097388413352
grid,0,23,0,23013,49,84,12,12,5,126.26609940080297
grid,0,23,0,23013,49,84,12,12,6,126.26609940080297
grid,0,23,0,23013,49,84,12,12,7,126.26609940080297
grid,0,23,0,23013,49,84,12,12,8,126.26609940080297
grid,0,23,0,23013,49,84,12,12,9,126.26609940080297
grid,0,23,0,23013,49,84,12,12,10,126.26609940080297
grid,0,23,0,23013,49,84,12,12,11,126.26609940080297
grid,0,23,0,23013,49,84,12,12,12,126.26609940080297
grid,0,24,0,24013,49,84,12,12,0,147.00085306834725
grid,0,24,0,24013,49,84,12,12,1,147.00085306834725
grid,0,24,0,24013,49,84,12,12,2,145.2611520463855
grid,0,24,0,24013,49,84,12,12,3,145.2611520463855
grid,0,24,0,24013,49,84,12,12,4,145.2611520463855
grid,0,24,0,24013,49,84,12,12,5,145.2611520463855
grid,0,24,0,24013,49,84,12,12,6,145.2611520463855
grid,0,24,0,24013,49,84,12,12,7,145.2611520463855
grid,0,24,0,24013,49,84,12,12,8,145.2611520463855
grid,0,24,0,24013,49,84,12,12,9,145.2611520463855
grid,0,24,0,24013,49,84,12,12,10,145.2611520463855
grid,0,24,0,24013,49,84,12,12,11,145.2611520463855
grid,0,24,0,24013,49,84,12,12,12,145.2611520463855
grid,0,25,0,25013,49,84,12,12,0,136.03397961546898
grid,0,25,0,25013,49,84,12,12,1,136.03397961546898
grid,0,25,0,25013,49,84,12,12,2,133.5072260526
grid,0,25,0,25013,49,84,12,12,3,133.5072260526
grid,0,25,0,25013,49,84,12,12,4,132.49091062988117
grid,0,25,0,25013,49,84,12,12,5,132.49091062988117
grid,0,25,0,25013,49,84,12,12,6,132.49091062988117
grid,0,25,0,25013,49,84,12,12,7,130.19133846230636
grid,0,25,0,25013,49,84,12,12,8,130.19133846230636
grid,0,25,0,25013,49,84,12,12,9,130.19133846230636
grid,0,25,0,25013,49,84,12,12,10,130.19133846230636
grid,0,25,0,25013,49,84,12,12,11,130.19133846230636
grid,0,25,0,25013,49,84,12,12,12,130.19133846230636
grid,0,26,0,26013,49,84,12,12,0,133.25086372497142
grid,0,26,0,26013,49,84,12,12,1,133.25086372497142
grid,0,26,0,26013,49,84,12,12,2,133.03372185631764
grid,0,26,0,26013,49,84,12,12,3,133.03372185631764
grid,0,26,0,26013,49,84,12,12,4,133.03372185631764
grid,0,26,0,26013,49,84,12,12,5,133.03372185631764
grid,0,26,0,26013,49,84,12,12,6,133.03372185631764
grid,0,26,0,26013,49,84,12,12,7,133.03372185631764
grid,0,26,0,26013,49,84,12,12,8,133.03372185631764
grid,0,26,0,26013,49,84,12,12,9,133.03372185631764
grid,0,26,0,26013,49,84,12,12,10,133.03372185631764
grid,0,26,0,26013,49,84,12,12,11,133.03372185631764
grid,0,26,0,26013,49,84,12,12,12,133.03372185631764
grid,0,27,0,27013,49,84,12,12,0,135.88970127554006
grid,0,27,0,27013,49,84,12,12,1,135.88970127554006
grid,0,27,0,27013,49,84,12,12,2,134.5383548454704
grid,0,27,0,27013,49,84,12,12,3,134.5383548454704
grid,0,27,0,27013,49,84,12,12,4,134.5383548454704
grid,0,27,0,27013,49,84,12,12,5,134.5383548454704
grid,0,27,0,27013,49,84,12,12,6,134.5383548454704
grid,0,27,0,27013,49,84,12,12,7,134.5383548454704
grid,0,27,0,27013,49,84,12,12,8,134.5383548454704
grid,0,27,0,27013,49,84,12,12,9,134.5383548454704
grid,0,27,0,27013,49,84,12,12,10,134.5383548454704
grid,0,27,0,27013,49,84,12,12,11,134.5383548454704
grid,0,27,0,27013,49,84,12,12,12,134.5383548454704
grid,0,28,0,28013,49,84,12,12,0,127.05026278488975
grid,0,28,0,28013,49,84,12,12,1,127.05026278488975
grid,0,28,0,28013,49,84,12,12,2,127.05026278488975
grid,0,28,0,28013,49,84,12,12,3,127.05026278488975
grid,0,28,0,28013,49,84,12,12,4,126.94810733543893
grid,0,28,0,28013,49,84,12,12,5,126.8197614968471
grid,0,28,0,28013,49,84,12,12,6,126.24804254687892
grid,0,28,0,28013,49,84,12,12,7,126.11969670828708
grid,0,28,0,28013,49,84,12,12,8,126.11969670828708
grid,0,28,0,28013,49,84,12,12,9,126.11969670828708
grid,0,28,0,28013,49,84,12,12,10,126.11969670828708
grid,0,28,0,28013,49,84,12,12,11,126.11969670828708
grid,0,28,0,28013,49,84,12,12,12,126.11969670828708
grid,0,29,0,29013,49,84,12,12,0,145.31611751032557
grid,0,29,0,29013,49,84,12,12,1,145.31611751032557
grid,0,29,0,29013,49,84,12,12,2,145.31611751032557
grid,0,29,0,29013,49,84,12,12,3,145.31611751032557
grid,0,29,0,29013,49,84,12,12,4,145.31611751032557
grid,0,29,0,29013,49,84,12,12,5,144.47910960863163
grid,0,29,0,29013,49,84,12,12,6,144.27179956211455
grid,0,29,0,29013,49,84,12,12,7,144.27179956211455
grid,0,29,0,29013,49,84,12,12,8,144.27179956211455
grid,0,29,0,29013,49,84,12,12,9,141.41975119997682
grid,0,29,0,29013,49,84,12,12,10,141.1973426895681
grid,0,29,0,29013,49,84,12,12,11,141.1973426895681
grid,0,29,0,29013,49,84,12,12,12,141.1973426895681
asp,0,0,0,14,37,48,12,36,0,149.72608103068387
asp,0,0,0,14,37,48,12,36,1,148.60894340130372
asp,0,0,0,14,37,48,12,36,2,148.18367649041593
asp,0,0,0,14,37,48,12,36,3,148.18367649041593
asp,0,0,0,14,37,48,12,36,4,147.3006743519134
asp,0,0,0,14,37,48,12,36,5,146.8754074410256
asp,0,0,0,14,37,48,12,36,6,146.8754074410256
asp,0,0,0,14,37,48,12,36,7,146.2493853797538
asp,0,0,0,14,37,48,12,36,8,145.824118468866
asp,0,0,0,14,37,48,12,36,9,145.824118468866
asp,0,0,0,14,37,48,12,36,10,145.824118468866
asp,0,0,0,14,37,48,12,36,11,145.824118468866
asp,0,0,0,14,37,48,12,36,12,145.824118468866
asp,0,0,0,14,37,48,12,36,13,145.824118468866
asp,0,0,0,14,37,48,12,36,14,145.824118468866
asp,0,0,0,14,37,48,12,36,15,145.824118468866
asp,0,0,0,14,37,48,12,36,16,145.824118468866
asp,0,0,0,14,37,48,12,36,17,145.824118468866
asp,0,0,0,14,37,48,12,36,18,145.824118468866
asp,0,0,0,14,37,48,12,36,19,145.824118468866
asp,0,0,0,14,37,48,12,36,20,145.824118468866
asp,0,0,0,14,37,48,12,36,21,145.824118468866
asp,0,0,0,14,37,48,12,36,22,145.824118468866
asp,0,0,0,14,37,48,12,36,23,145.824118468866
asp,0,0,0,14,37,48,12,36,24,145.824118468866
asp,0,0,0,14,37,48,12,36,25,145.824118468866
asp,0,0,0,14,37,48,12,36,26,145.824118468866
asp,0,0,0,14,37,48,12,36,27,145.824118468866
asp,0,0,0,14,37,48,12,36,28,145.824118468866
asp,0,0,0,14,37,48,12,36,29,145.824118468866
asp,0,0,0,14,37,48,12,36,30,145.824118468866
asp,0,0,0,14,37,48,12,36,31,145.824118468866
asp,0,0,0,14,37,48,12,36,32,145.824118468866
asp,0,0,0,14,37,48,12,36,33,145.824118468866
asp,0,0,0,14,37,48,12,36,34,145.824118468866
asp,0,0,0,14,37,48,12,36,35,145.824118468866
asp,0,0,0,14,37,48,12,36,36,145.824118468866
asp,0,1,0,1014,37,48,12,36,0,146.28141176828302
asp,0,1,0,1014,37,48,12,36,1,146.28141176828302
asp,0,1,0,1014,37,48,12,36,2,146.28141176828302
asp,0,1,0,1014,37,48,12,36,3,142.8852981543999
asp,0,1,0,1014,37,48,12,36,4,142.8852981543999
asp,0,1,0,1014,37,48,12,36,5,142.8852981543999
asp,0,1,0,1014,37,48,12,36,6,142.75489518357466
asp,0,1,0,1014,37,48,12,36,7,142.75489518357466
asp,0,1,0,1014,37,48,12,36,8,142.75489518357466
asp,0,1,0,1014,37,48,12,36,9,142.75489518357466
asp,0,1,0,1014,37,48,12,36,10,142.75489518357466
asp,0,1,0,1014,37,48,12,36,11,142.75489518357466
asp,0,1,0,1014,37,48,12,36,12,142.75489518357466
asp,0,1,0,1014,37,48,12,36,13,142.75489518357466
asp,0,1,0,1014,37,48,12,36,14,142.75489518357466
asp,0,1,0,1014,37,48,12,36,15,142.75489518357466
asp,0,1,0,1014,37,48,12,36,16,142.75489518357466
asp,0,1,0,1014,37,48,12,36,17,142.75489518357466
asp,0,1,0,1014,37,48,12,36,18,142.75489518357466
asp,0,1,0,1014,37,48,12,36,19,142.75489518357466
asp,0,1,0,1014,37,48,12,36,20,142.75489518357466
asp,0,1,0,1014,37,48,12,36,21,142.75489518357466
asp,0,1,0,1014,37,48,12,36,22,142.75489518357466
asp,0,1,0,1014,37,48,12,36,23,142.75489518357466
asp,0,1,0,1014,37,48,12,36,24,142.75489518357466
asp,0,1,0,1014,37,48,12,36,25,142.75489518357466
asp,0,1,0,1014,37,48,12,36,26,142.75489518357466
asp,0,1,0,1014,37,48,12,36,27,142.75489518357466
asp,0,1,0,1014,37,48,12,36,28,142.75489518357466
asp,0,1,0,1014,37,48,12,36,29,142.75489518357466
asp,0,1,0,1014,37,48,12,36,30,142.75489518357466
asp,0,1,0,1014,37,48,12,36,31,142.75489518357466
asp,0,1,0,1014,37,48,12,36,32,142.75489518357466
asp,0,1,0,1014,37,48,12,36,33,142.75489518357466
asp,0,1,0,1014,37,48,12,36,34,142.75489518357466
asp,0,1,0,1014,37,48,12,36,35,142.75489518357466
asp,0,1,0,1014,37,48,12,36,36,142.75489518357466
asp,0,2,0,2014,37,48,12,36,0,105.69085605184586
asp,0,2,0,2014,37,48,12,36,1,105.4492155488723
asp,0,2,0,2014,37,48,12,36,2,105.4492155488723
asp,0,2,0,2014,37,48,12,36,3,105.4492155488723
asp,0,2,0,2014,37,48,12,36,4,105.28866499256017
asp,0,2,0,2014,37,48,12,36,5,105.28866499256017
asp,0,2,0,2014,37,48,12,36,6,105.28866499256017
asp,0,2,0,2014,37,48,12,36,7,105.28866499256017
asp,0,2,0,2014,37,48,12,36,8,105.28866499256017
asp,0,2,0,2014,37,48,12,36,9,105.28866499256017
asp,0,2,0,2014,37,48,12,36,10,105.28866499256017
asp,0,2,0,2014,37,48,12,36,11,105.28866499256017
asp,0,2,0,2014,37,48,12,36,12,105.28866499256017
asp,0,2,0,2014,37,48,12,36,13,105.28866499256017
asp,0,2,0,2014,37,48,12,36,14,105.28866499256017
asp,0,2,0,2014,37,48,12,36,15,105.28866499256017
asp,0,2,0,2014,37,48,12,36,16,105.28866499256017
asp,0,2,0,2014,37,48,12,36,17,105.28866499256017
asp,0,2,0,2014,37,48,12,36,18,105.28866499256017
asp,0,2,0,2014,37,48,12,36,19,105.28866499256017
asp,0,2,0,2014,37,48,12,36,20,105.28866499256017
asp,0,2,0,2014,37,48,12,36,21,105.28866499256017
asp,0,2,0,2014,37,48,12,36,22,105.28866499256017
asp,0,2,0,2014,37,48,12,36,23,105.28866499256017
asp,0,2,0,2014,37,48,12,36,24,105.28866499256017
asp,0,2,0,2014,37,48,12,36,25,105.28866499256017
asp,0,2,0,2014,37,48,12,36,26,105.28866499256017
asp,0,2,0,2014,37,48,12,36,27,105.28866499256017
asp,0,2,0,2014,37,48,12,36,28,105.28866499256017
asp,0,2,0,2014,37,48,12,36,29,105.28866499256017
asp,0,2,0,2014,37,48,12,36,30,105.28866499256017
asp,0,2,0,2014,37,48,12,36,31,105.28866499256017
asp,0,2,0,2014,37,48,12,36,32,105.28866499256017
asp,0,2,0,2014,37,48,12,36,33,105.28866499256017
asp,0,2,0,2014,37,48,12,36,34,105.28866499256017
asp,0,2,0,2014,37,48,12,36,35,105.28866499256017
asp,0,2,0,2014,37,48,12,36,36,105.28866499256017
asp,0,3,0,3014,37,48,12,36,0,160.83387240172146
asp,0,3,0,3014,37,48,12,36,1,158.08393602585082
asp,0,3,0,3014,37,48,12,36,2,155.43307538452186
asp,0,3,0,3014,37,48,12,36,3,154.44520934196493
asp,0,3,0,3014,37,48,12,36,4,154.44520934196493
asp,0,3,0,3014,37,48,12,36,5,154.34638428216743
asp,0,3,0,3014,37,48,12,36,6,153.3585182396105
asp,0,3,0,3014,37,48,12,36,7,153.3585182396105
asp,0,3,0,3014,37,48,12,36,8,153.3585182396105
asp,0,3,0,3014,37,48,12,36,9,152.40089465453687
asp,0,3,0,3014,37,48,12,36,10,152.40089465453687
asp,0,3,0,3014,37,48,12,36,11,152.40089465453687
asp,0,3,0,3014,37,48,12,36,12,151.97846442520313
asp,0,3,0,3014,37,48,12,36,13,151.97846442520313
asp,0,3,0,3014,37,48,12,36,14,151.97846442520313
asp,0,3,0,3014,37,48,12,36,15,151.91332689866573
asp,0,3,0,3014,37,48,12,36,16,151.91332689866573
asp,0,3,0,3014,37,48,12,36,17,151.91332689866573
asp,0,3,0,3014,37,48,12,36,18,151.85428404143283
asp,0,3,0,3014,37,48,12,36,19,151.85428404143283
asp,0,3,0,3014,37,48,12,36,20,151.85428404143283
asp,0,3,0,3014,37,48,12,36,21,151.85428404143283
asp,0,3,0,3014,37,48,12,36,22,151.85428404143283
asp,0,3,0,3014,37,48,12,36,23,151.85428404143283
asp,0,3,0,3014,37,48,12,36,24,151.85428404143283
asp,0,3,0,3014,37,48,12,36,25,151.85428404143283
asp,0,3,0,3014,37,48,12,36,26,151.85428404143283
asp,0,3,0,3014,37,48,12,36,27,151.85428404143283
asp,0,3,0,3014,37,48,12,36,28,151.85428404143283
asp,0,3,0,3014,37,48,12,36,29,151.85428404143283
asp,0,3,0,3014,37,48,12,36,30,151.85428404143283
asp,0,3,0,3014,37,48,12,36,31,151.85428404143283
asp,0,3,0,3014,37,48,12,36,32,151.85428404143283
asp,0,3,0,3014,37,48,12,36,33,151.85428404143283
asp,0,3,0,3014,37,48,12,36,34,151.85428404143283
asp,0,3,0,3014,37,48,12,36,35,151.85428404143283
asp,0,3,0,3014,37,48,12,36,36,151.85428404143283
asp,0,4,0,4014,37,48,12,36,0,168.53309027729273
asp,0,4,0,4014,37,48,12,36,1,168.28057352537746
asp,0,4,0,4014,37,48,12,36,2,168.28057352537746
asp,0,4,0,4014,37,48,12,36,3,165.7838633481697
asp,0,4,0,4014,37,48,12,36,4,165.53134659625442
asp,0,4,0,4014,37,48,12,36,5,165.53134659625442
asp,0,4,0,4014,37,48,12,36,6,163.87860082649598
asp,0,4,0,4014,37,48,12,36,7,163.62608407458072
asp,0,4,0,4014,37,48,12,36,8,163.62608407458072
asp,0,4,0,4014,37,48,12,36,9,162.12120182514303
asp,0,4,0,4014,37,48,12,36,10,161.86868507322777
asp,0,4,0,4014,37,48,12,36,11,161.86868507322777
asp,0,4,0,4014,37,48,12,36,12,161.86868507322777
asp,0,4,0,4014,37,48,12,36,13,161.72547471909994
asp,0,4,0,4014,37,48,12,36,14,161.72547471909994
asp,0,4,0,4014,37,48,12,36,15,161.72547471909994
asp,0,4,0,4014,37,48,12,36,16,161.72547471909994
asp,0,4,0,4014,37,48,12,36,17,161.72547471909994
asp,0,4,0,4014,37,48,12,36,18,161.72547471909994
asp,0,4,0,4014,37,48,12,36,19,161.72547471909994
asp,0,4,0,4014,37,48,12,36,20,161.72547471909994
asp,0,4,0,4014,37,48,12,36,21,161.72547471909994
asp,0,4,0,4014,37,48,12,36,22,161.72547471909994
asp,0,4,0,4014,37,48,12,36,23,161.72547471909994
asp,0,4,0,4014,37,48,12,36,24,161.72547471909994
asp,0,4,0,4014,37,48,12,36,25,161.72547471909994
asp,0,4,0,4014,37,48,12,36,26,161.72547471909994
asp,0,4,0,4014,37,48,12,36,27,161.72547471909994
asp,0,4,0,4014,37,48,12,36,28,161.72547471909994
asp,0,4,0,4014,37,48,12,36,29,161.72547471909994
asp,0,4,0,4014,37,48,12,36,30,161.72547471909994
asp,0,4,0,4014,37,48,12,36,31,161.72547471909994
asp,0,4,0,4014,37,48,12,36,32,161.72547471909994
asp,0,4,0,4014,37,48,12,36,33,161.72547471909994
asp,0,4,0,4014,37,48,12,36,34,161.72547471909994
asp,0,4,0,4014,37,48,12,36,35,161.72547471909994
asp,0,4,0,4014,37,48,12,36,36,161.72547471909994
asp,0,5,0,5014,37,48,12,36,0,163.36497629084607
asp,0,5,0,5014,37,48,12,36,1,163.36497629084607
asp,0,5,0,5014,37,48,12,36,2,163.36497629084607
asp,0,5,0,5014,37,48,12,36,3,162.79893822646676
asp,0,5,0,5014,37,48,12,36,4,162.79893822646676
asp,0,5,0,5014,37,48,12,36,5,162.79893822646676
asp,0,5,0,5014,37,48,12,36,6,162.79893822646676
asp,0,5,0,5014,37,48,12,36,7,162.79893822646676
asp,0,5,0,5014,37,48,12,36,8,162.79893822646676
asp,0,5,0,5014,37,48,12,36,9,162.79893822646676
asp,0,5,0,5014,37,48,12,36,10,162.79893822646676
asp,0,5,0,5014,37,48,12,36,11,162.79893822646676
asp,0,5,0,5014,37,48,12,36,12,162.79893822646676
asp,0,5,0,5014,37,48,12,36,13,162.79893822646676
asp,0,5,0,5014,37,48,12,36,14,162.79893822646676
asp,0,5,0,5014,37,48,12,36,15,162.79893822646676
asp,0,5,0,5014,37,48,12,36,16,162.79893822646676
asp,0,5,0,5014,37,48,12,36,17,162.79893822646676
asp,0,5,0,5014,37,48,12,36,18,162.79893822646676
asp,0,5,0,5014,37,48,12,36,19,162.79893822646676
asp,0,5,0,5014,37,48,12,36,20,162.79893822646676
asp,0,5,0,5014,37,48,12,36,21,162.79893822646676
asp,0,5,0,5014,37,48,12,36,22,162.79893822646676
asp,0,5,0,5014,37,48,12,36,23,162.79893822646676
asp,0,5,0,5014,37,48,12,36,24,162.79893822646676
asp,0,5,0,5014,37,48,12,36,25,162.79893822646676
asp,0,5,0,5014,37,48,12,36,26,162.79893822646676
asp,0,5,0,5014,37,48,12,36,27,162.79893822646676
asp,0,5,0,5014,37,48,12,36,28,162.79893822646676
asp,0,5,0,5014,37,48,12,36,29,162.79893822646676
asp,0,5,0,5014,37,48,12,36,30,162.79893822646676
asp,0,5,0,5014,37,48,12,36,31,162.79893822646676
asp,0,5,0,5014,37,48,12,36,32,162.79893822646676
asp,0,5,0,5014,37,48,12,36,33,162.79893822646676
asp,0,5,0,5014,37,48,12,36,34,162.79893822646676
asp,0,5,0,5014,37,48,12,36,35,162.79893822646676
asp,0,5,0,5014,37,48,12,36,36,162.79893822646676
asp,0,6,0,6014,37,48,12,36,0,152.07008859728296
asp,0,6,0,6014,37,48,12,36,1,148.40392419062394
asp,0,6,0,6014,37,48,12,36,2,147.74248194781615
asp,0,6,0,6014,37,48,12,36,3,147.74248194781615
asp,0,6,0,6014,37,48,12,36,4,147.34276113833795
asp,0,6,0,6014,37,48,12,36,5,146.68131889553015
asp,0,6,0,6014,37,48,12,36,6,146.68131889553015
asp,0,6,0,6014,37,48,12,36,7,146.68131889553015
asp,0,6,0,6014,37,48,12,36,8,146.68131889553015
asp,0,6,0,6014,37,48,12,36,9,146.68131889553015
asp,0,6,0,6014,37,48,12,36,10,146.68131889553015
asp,0,6,0,6014,37,48,12,36,11,146.68131889553015
asp,0,6,0,6014,37,48,12,36,12,146.68131889553015
asp,0,6,0,6014,37,48,12,36,13,146.68131889553015
asp,0,6,0,6014,37,48,12,36,14,146.68131889553015
asp,0,6,0,6014,37,48,12,36,15,146.68131889553015
asp,0,6,0,6014,37,48,12,36,16,146.68131889553015
asp,0,6,0,6014,37,48,12,36,17,146.68131889553015
asp,0,6,0,6014,37,48,12,36,18,146.68131889553015
asp,0,6,0,6014,37,48,12,36,19,146.68131889553015
asp,0,6,0,6014,37,48,12,36,20,146.68131889553015
asp,0,6,0,6014,37,48,12,36,21,146.68131889553015
asp,0,6,0,6014,37,48,12,36,22,146.68131889553015
asp,0,6,0,6014,37,48,12,36,23,146.68131889553015
asp,0,6,0,6014,37,48,12,36,24,146.68131889553015
asp,0,6,0,6014,37,48,12,36,25,146.68131889553015
asp,0,6,0,6014,37,48,12,36,26,146.68131889553015
asp,0,6,0,6014,37,48,12,36,27,146.68131889553015
asp,0,6,0,6014,37,48,12,36,28,146.68131889553015
asp,0,6,0,6014,37,48,12,36,29,146.68131889553015
asp,0,6,0,6014,37,48,12,36,30,146.68131889553015
asp,0,6,0,6014,37,48,12,36,31,146.68131889553015
asp,0,6,0,6014,37,48,12,36,32,146.68131889553015
asp,0,6,0,6014,37,48,12,36,33,146.68131889553015
asp,0,6,0,6014,37,48,12,36,34,146.68131889553015
asp,0,6,0,6014,37,48,12,36,35,146.68131889553015
asp,0,6,0,6014,37,48,12,36,36,146.68131889553015
asp,0,7,0,7014,37,48,12,36,0,147.71606882428614
asp,0,7,0,7014,37,48,12,36,1,146.5421270379552
asp,0,7,0,7014,37,48,12,36,2,145.5578733069713
asp,0,7,0,7014,37,48,12,36,3,145.5578733069713
asp,0,7,0,7014,37,48,12,36,4,145.5578733069713
asp,0,7,0,7014,37,48,12,36,5,145.13060468362573
asp,0,7,0,7014,37,48,12,36,6,145.13060468362573
asp,0,7,0,7014,37,48,12,36,7,145.13060468362573
asp,0,7,0,7014,37,48,12,36,8,145.13060468362573
asp,0,7,0,7014,37,48,12,36,9,145.13060468362573
asp,0,7,0,7014,37,48,12,36,10,145.13060468362573
asp,0,7,0,7014,37,48,12,36,11,145.13060468362573
asp,0,7,0,7014,37,48,12,36,12,145.13060468362573
asp,0,7,0,7014,37,48,12,36,13,145.13060468362573
asp,0,7,0,7014,37,48,12,36,14,145.13060468362573
asp,0,7,0,7014,37,48,12,36,15,145.13060468362573
asp,0,7,0,7014,37,48,12,36,16,145.13060468362573
asp,0,7,0,7014,37,48,12,36,17,145.13060468362573
asp,0,7,0,7014,37,48,12,36,18,145.13060468362573
asp,0,7,0,7014,37,48,12,36,19,145.13060468362573
asp,0,7,0,7014,37,48,12,36,20,145.13060468362573
asp,0,7,0,7014,37,48,12,36,21,145.13060468362573
asp,0,7,0,7014,37,48,12,36,22,145.13060468362573
asp,0,7,0,7014,37,48,12,36,23,145.13060468362573
asp,0,7,0,7014,37,48,12,36,24,145.13060468362573
asp,0,7,0,7014,37,48,12,36,25,145.13060468362573
asp,0,7,0,7014,37,48,12,36,26,145.13060468362573
asp,0,7,0,7014,37,48,12,36,27,145.13060468362573
asp,0,7,0,7014,37,48,12,36,28,145.13060468362573
asp,0,7,0,7014,37,48,12,36,29,145.13060468362573
asp,0,7,0,7014,37,48,12,36,30,145.13060468362573
asp,0,7,0,7014,37,48,12,36,31,145.13060468362573
asp,0,7,0,7014,37,48,12,36,32,145.13060468362573
asp,0,7,0,7014,37,48,12,36,33,145.13060468362573
asp,0,7,0,7014,37,48,12,36,34,145.13060468362573
asp,0,7,0,7014,37,48,12,36,35,145.13060468362573
asp,0,7,0,7014,37,48,12,36,36,145.13060468362573
asp,0,8,0,8014,37,48,12,36,0,149.40862045932653
asp,0,8,0,8014,37,48,12,36,1,147.45696232594256
asp,0,8,0,8014,37,48,12,36,2,146.5945575791464
asp,0,8,0,8014,37,48,12,36,3,145.73309959387902
asp,0,8,0,8014,37,48,12,36,4,144.80476869043179
asp,0,8,0,8014,37,48,12,36,5,143.94236394363563
asp,0,8,0,8014,37,48,12,36,6,143.08090595836825
asp,0,8,0,8014,37,48,12,36,7,143.08090595836825
asp,0,8,0,8014,37,48,12,36,8,143.08090595836825
asp,0,8,0,8014,37,48,12,36,9,142.37287750607553
asp,0,8,0,8014,37,48,12,36,10,142.37287750607553
asp,0,8,0,8014,37,48,12,36,11,142.37287750607553
asp,0,8,0,8014,37,48,12,36,12,141.96819505740064
asp,0,8,0,8014,37,48,12,36,13,141.96819505740064
asp,0,8,0,8014,37,48,12,36,14,141.96819505740064
asp,0,8,0,8014,37,48,12,36,15,141.96819505740064
asp,0,8,0,8014,37,48,12,36,16,141.96819505740064
asp,0,8,0,8014,37,48,12,36,17,141.96819505740064
asp,0,8,0,8014,37,48,12,36,18,141.96819505740064
asp,0,8,0,8014,37,48,12,36,19,141.96819505740064
asp,0,8,0,8014,37,48,12,36,20,141.96819505740064
asp,0,8,0,8014,37,48,12,36,21,141.96819505740064
asp,0,8,0,8014,37,48,12,36,22,141.96819505740064
asp,0,8,0,8014,37,48,12,36,23,141.96819505740064
asp,0,8,0,8014,37,48,12,36,24,141.96819505740064
asp,0,8,0,8014,37,48,12,36,25,141.96819505740064
asp,0,8,0,8014,37,48,12,36,26,141.96819505740064
asp,0,8,0,8014,37,48,12,36,27,141.96819505740064
asp,0,8,0,8014,37,48,12,36,28,141.96819505740064
asp,0,8,0,8014,37,48,12,36,29,141.96819505740064
asp,0,8,0,8014,37,48,12,36,30,141.96819505740064
asp,0,8,0,8014,37,48,12,36,31,141.96819505740064
asp,0,8,0,8014,37,48,12,36,32,141.96819505740064
asp,0,8,0,8014,37,48,12,36,33,141.96819505740064
asp,0,8,0,8014,37,48,12,36,34,141.96819505740064
asp,0,8,0,8014,37,48,12,36,35,141.96819505740064
asp,0,8,0,8014,37,48,12,36,36,141.96819505740064
asp,0,9,0,9014,37,48,12,36,0,174.1539548900579
asp,0,9,0,9014,37,48,12,36,1,173.0324666144646
asp,0,9,0,9014,37,48,12,36,2,173.0324666144646
asp,0,9,0,9014,37,48,12,36,3,172.10855848777405
asp,0,9,0,9014,37,48,12,36,4,170.98707021218075
asp,0,9,0,9014,37,48,12,36,5,170.98707021218075
asp,0,9,0,9014,37,48,12,36,6,170.66541563011884
asp,0,9,0,9014,37,48,12,36,7,169.54392735452555
asp,0,9,0,9014,37,48,12,36,8,169.54392735452555
asp,0,9,0,9014,37,48,12,36,9,169.54392735452555
asp,0,9,0,9014,37,48,12,36,10,169.54392735452555
asp,0,9,0,9014,37,48,12,36,11,169.54392735452555
asp,0,9,0,9014,37,48,12,36,12,169.54392735452555
asp,0,9,0,9014,37,48,12,36,13,169.54392735452555
asp,0,9,0,9014,37,48,12,36,14,169.54392735452555
asp,0,9,0,9014,37,48,12,36,15,169.54392735452555
asp,0,9,0,9014,37,48,12,36,16,169.54392735452555
asp,0,9,0,9014,37,48,12,36,17,169.54392735452555
asp,0,9,0,9014,37,48,12,36,18,169.54392735452555
asp,0,9,0,9014,37,48,12,36,19,169.54392735452555
asp,0,9,0,9014,37,48,12,36,20,169.54392735452555
asp,0,9,0,9014,37,48,12,36,21,169.54392735452555
asp,0,9,0,9014,37,48,12,36,22,169.54392735452555
asp,0,9,0,9014,37,48,12,36,23,169.54392735452555
asp,0,9,0,9014,37,48,12,36,24,169.54392735452555
asp,0,9,0,9014,37,48,12,36,25,169.54392735452555
asp,0,9,0,9014,37,48,12,36,26,169.54392735452555
asp,0,9,0,9014,37,48,12,36,27,169.54392735452555
asp,0,9,0,9014,37,48,12,36,28,169.54392735452555
asp,0,9,0,9014,37,48,12,36,29,169.54392735452555
asp,0,9,0,9014,37,48,12,36,30,169.54392735452555
asp,0,9,0,9014,37,48,12,36,31,169.54392735452555
asp,0,9,0,9014,37,48,12,36,32,169.54392735452555
asp,0,9,0,9014,37,48,12,36,33,169.54392735452555
asp,0,9,0,9014,37,48,12,36,34,169.54392735452555
asp,0,9,0,9014,37,48,12,36,35,169.54392735452555
asp,0,9,0,9014,37,48,12,36,36,169.54392735452555
asp,0,10,0,10014,37,48,12,36,0,155.40997361254028
asp,0,10,0,10014,37,48,12,36,1,153.63861755594354
asp,0,10,0,10014,37,48,12,36,2,153.63861755594354
asp,0,10,0,10014,37,48,12,36,3,152.6861277838289
asp,0,10,0,10014,37,48,12,36,4,150.91477172723216
asp,0,10,0,10014,37,48,12,36,5,150.91477172723216
asp,0,10,0,10014,37,48,12,36,6,150.91477172723216
asp,0,10,0,10014,37,48,12,36,7,150.29746658371923
asp,0,10,0,10014,37,48,12,36,8,150.29746658371923
asp,0,10,0,10014,37,48,12,36,9,150.29746658371923
asp,0,10,0,10014,37,48,12,36,10,150.11968844875742
asp,0,10,0,10014,37,48,12,36,11,150.11968844875742
asp,0,10,0,10014,37,48,12,36,12,150.11968844875742
asp,0,10,0,10014,37,48,12,36,13,150.11968844875742
asp,0,10,0,10014,37,48,12,36,14,150.11968844875742
asp,0,10,0,10014,37,48,12,36,15,150.11968844875742
asp,0,10,0,10014,37,48,12,36,16,150.11968844875742
asp,0,10,0,10014,37,48,12,36,17,150.11968844875742
asp,0,10,0,10014,37,48,12,36,18,150.11968844875742
asp,0,10,0,10014,37,48,12,36,19,150.11968844875742
asp,0,10,0,10014,37,48,12,36,20,150.11968844875742
asp,0,10,0,10014,37,48,12,36,21,150.11968844875742
asp,0,10,0,10014,37,48,12,36,22,150.11968844875742
asp,0,10,0,10014,37,48,12,36,23,150.11968844875742
asp,0,10,0,10014,37,48,12,36,24,150.11968844875742
asp,0,10,0,10014,37,48,12,36,25,150.11968844875742
asp,0,10,0,10014,37,48,12,36,26,150.11968844875742
asp,0,10,0,10014,37,48,12,36,27,150.11968844875742
asp,0,10,0,10014,37,48,12,36,28,150.11968844875742
asp,0,10,0,10014,37,48,12,36,29,150.11968844875742
asp,0,10,0,10014,37,48,12,36,30,150.11968844875742
asp,0,10,0,10014,37,48,12,36,31,150.11968844875742
asp,0,10,0,10014,37,48,12,36,32,150.11968844875742
asp,0,10,0,10014,37,48,12,36,33,150.11968844875742
asp,0,10,0,10014,37,48,12,36,34,150.11968844875742
asp,0,10,0,10014,37,48,12,36,35,150.11968844875742
asp,0,10,0,10014,37,48,12,36,36,150.11968844875742
asp,0,11,0,11014,37,48,12,36,0,144.52495157818126
asp,0,11,0,11014,37,48,12,36,1,143.6350315887816
asp,0,11,0,11014,37,48,12,36,2,143.6350315887816
asp,0,11,0,11014,37,48,12,36,3,143.6350315887816
asp,0,11,0,11014,37,48,12,36,4,143.40325630435916
asp,0,11,0,11014,37,48,12,36,5,143.40325630435916
asp,0,11,0,11014,37,48,12,36,6,143.40325630435916
asp,0,11,0,11014,37,48,12,36,7,143.40325630435916
asp,0,11,0,11014,37,48,12,36,8,143.40325630435916
asp,0,11,0,11014,37,48,12,36,9,143.40325630435916
asp,0,11,0,11014,37,48,12,36,10,143.40325630435916
asp,0,11,0,11014,37,48,12,36,11,143.40325630435916
asp,0,11,0,11014,37,48,12,36,12,143.40325630435916
asp,0,11,0,11014,37,48,12,36,13,143.40325630435916
asp,0,11,0,11014,37,48,12,36,14,143.40325630435916
asp,0,11,0,11014,37,48,12,36,15,143.40325630435916
asp,0,11,0,11014,37,48,12,36,16,143.40325630435916
asp,0,11,0,11014,37,48,12,36,17,143.40325630435916
asp,0,11,0,11014,37,48,12,36,18,143.40325630435916
asp,0,11,0,11014,37,48,12,36,19,143.40325630435916
asp,0,11,0,11014,37,48,12,36,20,143.40325630435916
asp,0,11,0,11014,37,48,12,36,21,143.40325630435916
asp,0,11,0,11014,37,48,12,36,22,143.40325630435916
asp,0,11,0,11014,37,48,12,36,23,143.40325630435916
asp,0,11,0,11014,37,48,12,36,24,143.40325630435916
asp,0,11,0,11014,37,48,12,36,25,143.40325630435916
asp,0,11,0,11014,37,48,12,36,26,143.40325630435916
asp,0,11,0,11014,37,48,12,36,27,143.40325630435916
asp,0,11,0,11014,37,48,12,36,28,143.40325630435916
asp,0,11,0,11014,37,48,12,36,29,143.40325630435916
asp,0,11,0,11014,37,48,12,36,30,143.40325630435916
asp,0,11,0,11014,37,48,12,36,31,143.40325630435916
asp,0,11,0,11014,37,48,12,36,32,143.40325630435916
asp,0,11,0,11014,37,48,12,36,33,143.40325630435916
asp,0,11,0,11014,37,48,12,36,34,143.40325630435916
asp,0,11,0,11014,37,48,12,36,35,143.40325630435916
asp,0,11,0,11014,37,48,12,36,36,143.40325630435916
asp,0,12,0,12014,37,48,12,36,0,154.08241625511832
asp,0,12,0,12014,37,48,12,36,1,153.89064721162887
asp,0,12,0,12014,37,48,12,36,2,153.89064721162887
asp,0,12,0,12014,37,48,12,36,3,153.15581757143266
asp,0,12,0,12014,37,48,12,36,4,152.9640485279432
asp,0,12,0,12014,37,48,12,36,5,152.9640485279432
asp,0,12,0,12014,37,48,12,36,6,152.560639094641
asp,0,12,0,12014,37,48,12,36,7,152.36887005115153
asp,0,12,0,12014,37,48,12,36,8,152.36887005115153
asp,0,12,0,12014,37,48,12,36,9,152.16678677812624
asp,0,12,0,12014,37,48,12,36,10,151.97501773463676
asp,0,12,0,12014,37,48,12,36,11,151.97501773463676
asp,0,12,0,12014,37,48,12,36,12,151.97501773463676
asp,0,12,0,12014,37,48,12,36,13,151.97501773463676
asp,0,12,0,12014,37,48,12,36,14,151.97501773463676
asp,0,12,0,12014,37,48,12,36,15,151.97501773463676
asp,0,12,0,12014,37,48,12,36,16,151.97501773463676
asp,0,12,0,12014,37,48,12,36,17,151.97501773463676
asp,0,12,0,12014,37,48,12,36,18,151.97501773463676
asp,0,12,0,12014,37,48,12,36,19,151.97501773463676
asp,0,12,0,12014,37,48,12,36,20,151.97501773463676
asp,0,12,0,12014,37,48,12,36,21,151.97501773463676
asp,0,12,0,12014,37,48,12,36,22,151.97501773463676
asp,0,12,0,12014,37,48,12,36,23,151.97501773463676
asp,0,12,0,12014,37,48,12,36,24,151.97501773463676
asp,0,12,0,12014,37,48,12,36,25,151.97501773463676
asp,0,12,0,12014,37,48,12,36,26,151.97501773463676
asp,0,12,0,12014,37,48,12,36,27,151.97501773463676
asp,0,12,0,12014,37,48,12,36,28,151.97501773463676
asp,0,12,0,12014,37,48,12,36,29,151.97501773463676
asp,0,12,0,12014,37,48,12,36,30,151.97501773463676
asp,0,12,0,12014,37,48,12,36,31,151.97501773463676
asp,0,12,0,12014,37,48,12,36,32,151.97501773463676
asp,0,12,0,12014,37,48,12,36,33,151.97501773463676
asp,0,12,0,12014,37,48,12,36,34,151.97501773463676
asp,0,12,0,12014,37,48,12,36,35,151.97501773463676
asp,0,12,0,12014,37,48,12,36,36,151.97501773463676
asp,0,13,0,13014,37,48,12,36,0,136.166030585886
asp,0,13,0,13014,37,48,12,36,1,133.08993702355002
asp,0,13,0,13014,37,48,12,36,2,132.12465787924316
asp,0,13,0,13014,37,48,12,36,3,131.3347154400249
asp,0,13,0,13014,37,48,12,36,4,130.88800261115944
asp,0,13,0,13014,37,48,12,36,5,130.88800261115944
asp,0,13,0,13014,37,48,12,36,6,130.34261075869364
asp,0,13,0,13014,37,48,12,36,7,129.8958979298282
asp,0,13,0,13014,37,48,12,36,8,129.8958979298282
asp,0,13,0,13014,37,48,12,36,9,129.79576187716447
asp,0,13,0,13014,37,48,12,36,10,129.349049048299
asp,0,13,0,13014,37,48,12,36,11,129.349049048299
asp,0,13,0,13014,37,48,12,36,12,129.349049048299
asp,0,13,0,13014,37,48,12,36,13,129.21948062864243
asp,0,13,0,13014,37,48,12,36,14,129.21948062864243
asp,0,13,0,13014,37,48,12,36,15,129.21948062864243
asp,0,13,0,13014,37,48,12,36,16,129.21948062864243
asp,0,13,0,13014,37,48,12,36,17,129.21948062864243
asp,0,13,0,13014,37,48,12,36,18,129.21948062864243
asp,0,13,0,13014,37,48,12,36,19,129.21948062864243
asp,0,13,0,13014,37,48,12,36,20,129.21948062864243
asp,0,13,0,13014,37,48,12,36,21,129.21948062864243
asp,0,13,0,13014,37,48,12,36,22,129.21948062864243
asp,0,13,0,13014,37,48,12,36,23,129.21948062864243
asp,0,13,0,13014,37,48,12,36,24,129.21948062864243
asp,0,13,0,13014,37,48,12,36,25,129.21948062864243
asp,0,13,0,13014,37,48,12,36,26,129.21948062864243
asp,0,13,0,13014,37,48,12,36,27,129.21948062864243
asp,0,13,0,13014,37,48,12,36,28,129.21948062864243
asp,0,13,0,13014,37,48,12,36,29,129.21948062864243
asp,0,13,0,13014,37,48,12,36,30,129.21948062864243
asp,0,13,0,13014,37,48,12,36,31,129.21948062864243
asp,0,13,0,13014,37,48,12,36,32,129.21948062864243
asp,0,13,0,13014,37,48,12,36,33,129.21948062864243
asp,0,13,0,13014,37,48,12,36,34,129.21948062864243
asp,0,13,0,13014,37,48,12,36,35,129.21948062864243
asp,0,13,0,13014,37,48,12,36,36,129.21948062864243
asp,0,14,0,14014,37,48,12,36,0,184.74157829506322
asp,0,14,0,14014,37,48,12,36,1,184.02727367682905
asp,0,14,0,14014,37,48,12,36,2,183.81199194055017
asp,0,14,0,14014,37,48,12,36,3,182.95041824480853
asp,0,14,0,14014,37,48,12,36,4,182.23611362657437
asp,0,14,0,14014,37,48,12,36,5,182.0208318902955
asp,0,14,0,14014,37,48,12,36,6,181.75269637639738
asp,0,14,0,14014,37,48,12,36,7,181.03839175816321
asp,0,14,0,14014,37,48,12,36,8,180.82311002188436
asp,0,14,0,14014,37,48,12,36,9,180.82311002188436
asp,0,14,0,14014,37,48,12,36,10,180.82311002188436
asp,0,14,0,14014,37,48,12,36,11,180.82311002188436
asp,0,14,0,14014,37,48,12,36,12,180.82311002188436
asp,0,14,0,14014,37,48,12,36,13,180.82311002188436
asp,0,14,0,14014,37,48,12,36,14,180.82311002188436
asp,0,14,0,14014,37,48,12,36,15,180.82311002188436
asp,0,14,0,14014,37,48,12,36,16,180.82311002188436
asp,0,14,0,14014,37,48,12,36,17,180.82311002188436
asp,0,14,0,14014,37,48,12,36,18,180.82311002188436
asp,0,14,0,14014,37,48,12,36,19,180.82311002188436
asp,0,14,0,14014,37,48,12,36,20,180.82311002188436
asp,0,14,0,14014,37,48,12,36,21,180.82311002188436
asp,0,14,0,14014,37,48,12,36,22,180.82311002188436
asp,0,14,0,14014,37,48,12,36,23,180.82311002188436
asp,0,14,0,14014,37,48,12,36,24,180.82311002188436
asp,0,14,0,14014,37,48,12,36,25,180.82311002188436
asp,0,14,0,14014,37,48,12,36,26,180.82311002188436
asp,0,14,0,14014,37,48,12,36,27,180.82311002188436
asp,0,14,0,14014,37,48,12,36,28,180.82311002188436
asp,0,14,0,14014,37,48,12,36,29,180.82311002188436
asp,0,14,0,14014,37,48,12,36,30,180.82311002188436
asp,0,14,0,14014,37,48,12,36,31,180.82311002188436
asp,0,14,0,14014,37,48,12,36,32,180.82311002188436
asp,0,14,0,14014,37,48,12,36,33,180.82311002188436
asp,0,14,0,14014,37,48,12,36,34,180.82311002188436
asp,0,14,0,14014,37,48,12,36,35,180.82311002188436
asp,0,14,0,14014,37,48,12,36,36,180.82311002188436
asp,0,15,0,15014,37,48,12,36,0,142.08167185898154
asp,0,15,0,15014,37,48,12,36,1,140.3772267509791
asp,0,15,0,15014,37,48,12,36,2,138.80640835860606
asp,0,15,0,15014,37,48,12,36,3,137.88350863176225
asp,0,15,0,15014,37,48,12,36,4,137.88350863176225
asp,0,15,0,15014,37,48,12,36,5,136.3970681543259
asp,0,15,0,15014,37,48,12,36,6,135.47416842748206
asp,0,15,0,15014,37,48,12,36,7,135.47416842748206
asp,0,15,0,15014,37,48,12,36,8,135.47416842748206
asp,0,15,0,15014,37,48,12,36,9,135.47416842748206
asp,0,15,0,15014,37,48,12,36,10,135.47416842748206
asp,0,15,0,15014,37,48,12,36,11,135.47416842748206
asp,0,15,0,15014,37,48,12,36,12,135.47416842748206
asp,0,15,0,15014,37,48,12,36,13,135.47416842748206
asp,0,15,0,15014,37,48,12,36,14,135.47416842748206
asp,0,15,0,15014,37,48,12,36,15,135.47416842748206
asp,0,15,0,15014,37,48,12,36,16,135.47416842748206
asp,0,15,0,15014,37,48,12,36,17,135.47416842748206
asp,0,15,0,15014,37,48,12,36,18,135.47416842748206
asp,0,15,0,15014,37,48,12,36,19,135.47416842748206
asp,0,15,0,15014,37,48,12,36,20,135.47416842748206
asp,0,15,0,15014,37,48,12,36,21,135.47416842748206
asp,0,15,0,15014,37,48,12,36,22,135.47416842748206
asp,0,15,0,15014,37,48,12,36,23,135.47416842748206
asp,0,15,0,15014,37,48,12,36,24,135.47416842748206
asp,0,15,0,15014,37,48,12,36,25,135.47416842748206
asp,0,15,0,15014,37,48,12,36,26,135.47416842748206
asp,0,15,0,15014,37,48,12,36,27,135.47416842748206
asp,0,15,0,15014,37,48,12,36,28,135.47416842748206
asp,0,15,0,15014,37,48,12,36,29,135.47416842748206
asp,0,15,0,15014,37,48,12,36,30,135.47416842748206
asp,0,15,0,15014,37,48,12,36,31,135.47416842748206
asp,0,15,0,15014,37,48,12,36,32,135.47416842748206
asp,0,15,0,15014,37,48,12,36,33,135.47416842748206
asp,0,15,0,15014,37,48,12,36,34,135.47416842748206
asp,0,15,0,15014,37,48,12,36,35,135.47416842748206
asp,0,15,0,15014,37,48,12,36,36,135.47416842748206
asp,0,16,0,16014,37,48,12,36,0,127.63065191787666
asp,0,16,0,16014,37,48,12,36,1,126.70452216967743
asp,0,16,0,16014,37,48,12,36,2,126.0084551793149
asp,0,16,0,16014,37,48,12,36,3,126.0084551793149
asp,0,16,0,16014,37,48,12,36,4,126.0084551793149
asp,0,16,0,16014,37,48,12,36,5,126.0084551793149
asp,0,16,0,16014,37,48,12,36,6,126.0084551793149
asp,0,16,0,16014,37,48,12,36,7,126.0084551793149
asp,0,16,0,16014,37,48,12,36,8,126.0084551793149
asp,0,16,0,16014,37,48,12,36,9,126.0084551793149
asp,0,16,0,16014,37,48,12,36,10,126.0084551793149
asp,0,16,0,16014,37,48,12,36,11,126.0084551793149
asp,0,16,0,16014,37,48,12,36,12,126.0084551793149
asp,0,16,0,16014,37,48,12,36,13,126.0084551793149
asp,0,16,0,16014,37,48,12,36,14,126.0084551793149
asp,0,16,0,16014,37,48,12,36,15,126.0084551793149
asp,0,16,0,16014,37,48,12,36,16,126.0084551793149
asp,0,16,0,16014,37,48,12,36,17,126.0084551793149
asp,0,16,0,16014,37,48,12,36,18,126.0084551793149
asp,0,16,0,16014,37,48,12,36,19,126.0084551793149
asp,0,16,0,16014,37,48,12,36,20,126.0084551793149
asp,0,16,0,16014,37,48,12,36,21,126.0084551793149
asp,0,16,0,16014,37,48,12,36,22,126.0084551793149
asp,0,16,0,16014,37,48,12,36,23,126.0084551793149
asp,0,16,0,16014,37,48,12,36,24,126.0084551793149
asp,0,16,0,16014,37,48,12,36,25,126.0084551793149
asp,0,16,0,16014,37,48,12,36,26,126.0084551793149
asp,0,16,0,16014,37,48,12,36,27,126.0084551793149
asp,0,16,0,16014,37,48,12,36,28,126.0084551793149
asp,0,16,0,16014,37,48,12,36,29,126.0084551793149
asp,0,16,0,16014,37,48,12,36,30,126.0084551793149
asp,0,16,0,16014,37,48,12,36,31,126.0084551793149
asp,0,16,0,16014,37,48,12,36,32,126.0084551793149
asp,0,16,0,16014,37,48,12,36,33,126.0084551793149
asp,0,16,0,16014,37,48,12,36,34,126.0084551793149
asp,0,16,0,16014,37,48,12,36,35,126.0084551793149
asp,0,16,0,16014,37,48,12,36,36,126.0084551793149
asp,0,17,0,17014,37,48,12,36,0,141.7107539197824
asp,0,17,0,17014,37,48,12,36,1,141.7107539197824
asp,0,17,0,17014,37,48,12,36,2,141.7107539197824
asp,0,17,0,17014,37,48,12,36,3,141.25652262208024
asp,0,17,0,17014,37,48,12,36,4,141.25652262208024
asp,0,17,0,17014,37,48,12,36,5,141.25652262208024
asp,0,17,0,17014,37,48,12,36,6,141.17356057976025
asp,0,17,0,17014,37,48,12,36,7,141.17356057976025
asp,0,17,0,17014,37,48,12,36,8,141.17356057976025
asp,0,17,0,17014,37,48,12,36,9,141.17356057976025
asp,0,17,0,17014,37,48,12,36,10,141.17356057976025
asp,0,17,0,17014,37,48,12,36,11,141.17356057976025
asp,0,17,0,17014,37,48,12,36,12,141.17356057976025
asp,0,17,0,17014,37,48,12,36,13,141.17356057976025
asp,0,17,0,17014,37,48,12,36,14,141.17356057976025
asp,0,17,0,17014,37,48,12,36,15,141.17356057976025
asp,0,17,0,17014,37,48,12,36,16,141.17356057976025
asp,0,17,0,17014,37,48,12,36,17,141.17356057976025
asp,0,17,0,17014,37,48,12,36,18,141.17356057976025
asp,0,17,0,17014,37,48,12,36,19,141.17356057976025
asp,0,17,0,17014,37,48,12,36,20,141.17356057976025
asp,0,17,0,17014,37,48,12,36,21,141.17356057976025
asp,0,17,0,17014,37,48,12,36,22,141.17356057976025
asp,0,17,0,17014,37,48,12,36,23,141.17356057976025
asp,0,17,0,17014,37,48,12,36,24,141.17356057976025
asp,0,17,0,17014,37,48,12,36,25,141.17356057976025
asp,0,17,0,17014,37,48,12,36,26,141.17356057976025
asp,0,17,0,17014,37,48,12,36,27,141.17356057976025
asp,0,17,0,17014,37,48,12,36,28,141.17356057976025
asp,0,17,0,17014,37,48,12,36,29,141.17356057976025
asp,0,17,0,17014,37,48,12,36,30,141.17356057976025
asp,0,17,0,17014,37,48,12,36,31,141.17356057976025
asp,0,17,0,17014,37,48,12,36,32,141.17356057976025
asp,0,17,0,17014,37,48,12,36,33,141.17356057976025
asp,0,17,0,17014,37,48,12,36,34,141.17356057976025
asp,0,17,0,17014,37,48,12,36,35,141.17356057976025
asp,0,17,0,17014,37,48,12,36,36,141.17356057976025
asp,0,18,0,18014,37,48,12,36,0,143.06073129455945
asp,0,18,0,18014,37,48,12,36,1,142.24639929645951
asp,0,18,0,18014,37,48,12,36,2,141.7425691114907
asp,0,18,0,18014,37,48,12,36,3,141.1870498807664
asp,0,18,0,18014,37,48,12,36,4,140.37271788266645
asp,0,18,0,18014,37,48,12,36,5,139.86888769769763
asp,0,18,0,18014,37,48,12,36,6,139.43849465696002
asp,0,18,0,18014,37,48,12,36,7,139.43849465696002
asp,0,18,0,18014,37,48,12,36,8,139.43849465696002
asp,0,18,0,18014,37,48,12,36,9,139.43849465696002
asp,0,18,0,18014,37,48,12,36,10,139.43849465696002
asp,0,18,0,18014,37,48,12,36,11,139.43849465696002
asp,0,18,0,18014,37,48,12,36,12,139.43849465696002
asp,0,18,0,18014,37,48,12,36,13,139.43849465696002
asp,0,18,0,18014,37,48,12,36,14,139.43849465696002
asp,0,18,0,18014,37,48,12,36,15,139.43849465696002
asp,0,18,0,18014,37,48,12,36,16,139.43849465696002
asp,0,18,0,18014,37,48,12,36,17,139.43849465696002
asp,0,18,0,18014,37,48,12,36,18,139.43849465696002
asp,0,18,0,18014,37,48,12,36,19,139.43849465696002
asp,0,18,0,18014,37,48,12,36,20,139.43849465696002
asp,0,18,0,18014,37,48,12,36,21,139.43849465696002
asp,0,18,0,18014,37,48,12,36,22,139.43849465696002
asp,0,18,0,18014,37,48,12,36,23,139.43849465696002
asp,0,18,0,18014,37,48,12,36,24,139.43849465696002
asp,0,18,0,18014,37,48,12,36,25,139.43849465696002
asp,0,18,0,18014,37,48,12,36,26,139.43849465696002
asp,0,18,0,18014,37,48,12,36,27,139.43849465696002
asp,0,18,0,18014,37,48,12,36,28,139.43849465696002
asp,0,18,0,18014,37,48,12,36,29,139.43849465696002
asp,0,18,0,18014,37,48,12,36,30,139.43849465696002
asp,0,18,0,18014,37,48,12,36,31,139.43849465696002
asp,0,18,0,18014,37,48,12,36,32,139.43849465696002
asp,0,18,0,18014,37,48,12,36,33,139.43849465696002
asp,0,18,0,18014,37,48,12,36,34,139.43849465696002
asp,0,18,0,18014,37,48,12,36,35,139.43849465696002
asp,0,18,0,18014,37,48,12,36,36,139.43849465696002
asp,0,19,0,19014,37,48,12,36,0,127.47408654878139
asp,0,19,0,19014,37,48,12,36,1,127.47408654878139
asp,0,19,0,19014,37,48,12,36,2,127.47408654878139
asp,0,19,0,19014,37,48,12,36,3,125.23377935818665
asp,0,19,0,19014,37,48,12,36,4,125.23377935818665
asp,0,19,0,19014,37,48,12,36,5,125.23377935818665
asp,0,19,0,19014,37,48,12,36,6,123.20772923965319
asp,0,19,0,19014,37,48,12,36,7,123.20772923965319
asp,0,19,0,19014,37,48,12,36,8,123.20772923965319
asp,0,19,0,19014,37,48,12,36,9,121.41727259930745
asp,0,19,0,19014,37,48,12,36,10,121.41727259930745
asp,0,19,0,19014,37,48,12,36,11,121.41727259930745
asp,0,19,0,19014,37,48,12,36,12,121.41727259930745
asp,0,19,0,19014,37,48,12,36,13,121.41727259930745
asp,0,19,0,19014,37,48,12,36,14,121.41727259930745
asp,0,19,0,19014,37,48,12,36,15,121.41727259930745
asp,0,19,0,19014,37,48,12,36,16,121.41727259930745
asp,0,19,0,19014,37,48,12,36,17,121.41727259930745
asp,0,19,0,19014,37,48,12,36,18,121.41727259930745
asp,0,19,0,19014,37,48,12,36,19,121.41727259930745
asp,0,19,0,19014,37,48,12,36,20,121.41727259930745
asp,0,19,0,19014,37,48,12,36,21,121.41727259930745
asp,0,19,0,19014,37,48,12,36,22,121.41727259930745
asp,0,19,0,19014,37,48,12,36,23,121.41727259930745
asp,0,19,0,19014,37,48,12,36,24,121.41727259930745
asp,0,19,0,19014,37,48,12,36,25,121.41727259930745
asp,0,19,0,19014,37,48,12,36,26,121.41727259930745
asp,0,19,0,19014,37,48,12,36,27,121.41727259930745
asp,0,19,0,19014,37,48,12,36,28,121.41727259930745
asp,0,19,0,19014,37,48,12,36,29,121.41727259930745
asp,0,19,0,19014,37,48,12,36,30,121.41727259930745
asp,0,19,0,19014,37,48,12,36,31,121.41727259930745
asp,0,19,0,19014,37,48,12,36,32,121.41727259930745
asp,0,19,0,19014,37,48,12,36,33,121.41727259930745
asp,0,19,0,19014,37,48,12,36,34,121.41727259930745
asp,0,19,0,19014,37,48,12,36,35,121.41727259930745
asp,0,19,0,19014,37,48,12,36,36,121.41727259930745
asp,0,20,0,20014,37,48,12,36,0,128.8954457908813
asp,0,20,0,20014,37,48,12,36,1,128.59190526395201
asp,0,20,0,20014,37,48,12,36,2,128.59190526395201
asp,0,20,0,20014,37,48,12,36,3,127.71693169463958
asp,0,20,0,20014,37,48,12,36,4,127.41339116771032
asp,0,20,0,20014,37,48,12,36,5,127.41339116771032
asp,0,20,0,20014,37,48,12,36,6,127.41339116771032
asp,0,20,0,20014,37,48,12,36,7,127.41339116771032
asp,0,20,0,20014,37,48,12,36,8,127.41339116771032
asp,0,20,0,20014,37,48,12,36,9,127.41339116771032
asp,0,20,0,20014,37,48,12,36,10,127.41339116771032
asp,0,20,0,20014,37,48,12,36,11,127.41339116771032
asp,0,20,0,20014,37,48,12,36,12,127.41339116771032
asp,0,20,0,20014,37,48,12,36,13,127.41339116771032
asp,0,20,0,20014,37,48,12,36,14,127.41339116771032
asp,0,20,0,20014,37,48,12,36,15,127.41339116771032
asp,0,20,0,20014,37,48,12,36,16,127.41339116771032
asp,0,20,0,20014,37,48,12,36,17,127.41339116771032
asp,0,20,0,20014,37,48,12,36,18,127.41339116771032
asp,0,20,0,20014,37,48,12,36,19,127.41339116771032
asp,0,20,0,20014,37,48,12,36,20,127.41339116771032
asp,0,20,0,20014,37,48,12,36,21,127.41339116771032
asp,0,20,0,20014,37,48,12,36,22,127.41339116771032
asp,0,20,0,20014,37,48,12,36,23,127.41339116771032
asp,0,20,0,20014,37,48,12,36,24,127.41339116771032
asp,0,20,0,20014,37,48,12,36,25,127.41339116771032
asp,0,20,0,20014,37,48,12,36,26,127.41339116771032
asp,0,20,0,20014,37,48,12,36,27,127.41339116771032
asp,0,20,0,20014,37,48,12,36,28,127.41339116771032
asp,0,20,0,20014,37,48,12,36,29,127.41339116771032
asp,0,20,0,20014,37,48,12,36,30,127.41339116771032
asp,0,20,0,20014,37,48,12,36,31,127.41339116771032
asp,0,20,0,20014,37,48,12,36,32,127.41339116771032
asp,0,20,0,20014,37,48,12,36,33,127.41339116771032
asp,0,20,0,20014,37,48,12,36,34,127.41339116771032
asp,0,20,0,20014,37,48,12,36,35,127.41339116771032
asp,0,20,0,20014,37,48,12,36,36,127.41339116771032
asp,0,21,0,21014,37,48,12,36,0,147.59336781702746
asp,0,21,0,21014,37,48,12,36,1,147.49861257034547
asp,0,21,0,21014,37,48,12,36,2,147.49861257034547
asp,0,21,0,21014,37,48,12,36,3,147.49861257034547
asp,0,21,0,21014,37,48,12,36,4,147.49861257034547
asp,0,21,0,21014,37,48,12,36,5,147.49861257034547
asp,0,21,0,21014,37,48,12,36,6,147.49861257034547
asp,0,21,0,21014,37,48,12,36,7,147.49861257034547
asp,0,21,0,21014,37,48,12,36,8,147.49861257034547
asp,0,21,0,21014,37,48,12,36,9,147.49861257034547
asp,0,21,0,21014,37,48,12,36,10,147.49861257034547
asp,0,21,0,21014,37,48,12,36,11,147.49861257034547
asp,0,21,0,21014,37,48,12,36,12,147.49861257034547
asp,0,21,0,21014,37,48,12,36,13,147.49861257034547
asp,0,21,0,21014,37,48,12,36,14,147.49861257034547
asp,0,21,0,21014,37,48,12,36,15,147.49861257034547
asp,0,21,0,21014,37,48,12,36,16,147.49861257034547
asp,0,21,0,21014,37,48,12,36,17,147.49861257034547
asp,0,21,0,21014,37,48,12,36,18,147.49861257034547
asp,0,21,0,21014,37,48,12,36,19,147.49861257034547
asp,0,21,0,21014,37,48,12,36,20,147.49861257034547
asp,0,21,0,21014,37,48,12,36,21,147.49861257034547
asp,0,21,0,21014,37,48,12,36,22,147.49861257034547
asp,0,21,0,21014,37,48,12,36,23,147.49861257034547
asp,0,21,0,21014,37,48,12,36,24,147.49861257034547
asp,0,21,0,21014,37,48,12,36,25,147.49861257034547
asp,0,21,0,21014,37,48,12,36,26,147.49861257034547
asp,0,21,0,21014,37,48,12,36,27,147.49861257034547
asp,0,21,0,21014,37,48,12,36,28,147.49861257034547
asp,0,21,0,21014,37,48,12,36,29,147.49861257034547
asp,0,21,0,21014,37,48,12,36,30,147.49861257034547
asp,0,21,0,21014,37,48,12,36,31,147.49861257034547
asp,0,21,0,21014,37,48,12,36,32,147.49861257034547
asp,0,21,0,21014,37,48,12,36,33,147.49861257034547
asp,0,21,0,21014,37,48,12,36,34,147.49861257034547
asp,0,21,0,21014,37,48,12,36,35,147.49861257034547
asp,0,21,0,21014,37,48,12,36,36,147.49861257034547
asp,0,22,0,22014,37,48,12,36,0,175.02817025981685
asp,0,22,0,22014,37,48,12,36,1,172.50180818914475
asp,0,22,0,22014,37,48,12,36,2,171.5158825238782
asp,0,22,0,22014,37,48,12,36,3,170.8158270903102
asp,0,22,0,22014,37,48,12,36,4,170.763947455508
asp,0,22,0,22014,37,48,12,36,5,170.76257014554028
asp,0,22,0,22014,37,48,12,36,6,170.06251471197226
asp,0,22,0,22014,37,48,12,36,7,170.0106350771701
asp,0,22,0,22014,37,48,12,36,8,170.0106350771701
asp,0,22,0,22014,37,48,12,36,9,170.0106350771701
asp,0,22,0,22014,37,48,12,36,10,170.0106350771701
asp,0,22,0,22014,37,48,12,36,11,170.0106350771701
asp,0,22,0,22014,37,48,12,36,12,170.0106350771701
asp,0,22,0,22014,37,48,12,36,13,170.0106350771701
asp,0,22,0,22014,37,48,12,36,14,170.0106350771701
asp,0,22,0,22014,37,48,12,36,15,170.0106350771701
asp,0,22,0,22014,37,48,12,36,16,170.0106350771701
asp,0,22,0,22014,37,48,12,36,17,170.0106350771701
asp,0,22,0,22014,37,48,12,36,18,170.0106350771701
asp,0,22,0,22014,37,48,12,36,19,170.0106350771701
asp,0,22,0,22014,37,48,12,36,20,170.0106350771701
asp,0,22,0,22014,37,48,12,36,21,170.0106350771701
asp,0,22,0,22014,37,48,12,36,22,170.0106350771701
asp,0,22,0,22014,37,48,12,36,23,170.0106350771701
asp,0,22,0,22014,37,48,12,36,24,170.0106350771701
asp,0,22,0,22014,37,48,12,36,25,170.0106350771701
asp,0,22,0,22014,37,48,12,36,26,170.0106350771701
asp,0,22,0,22014,37,48,12,36,27,170.0106350771701
asp,0,22,0,22014,37,48,12,36,28,170.0106350771701
asp,0,22,0,22014,37,48,12,36,29,170.0106350771701
asp,0,22,0,22014,37,48,12,36,30,170.0106350771701
asp,0,22,0,22014,37,48,12,36,31,170.0106350771701
asp,0,22,0,22014,37,48,12,36,32,170.0106350771701
asp,0,22,0,22014,37,48,12,36,33,170.0106350771701
asp,0,22,0,22014,37,48,12,36,34,170.0106350771701
asp,0,22,0,22014,37,48,12,36,35,170.0106350771701
asp,0,22,0,22014,37,48,12,36,36,170.0106350771701
asp,0,23,0,23014,37,48,12,36,0,181.18608946497437
asp,0,23,0,23014,37,48,12,36,1,181.18608946497437
asp,0,23,0,23014,37,48,12,36,2,181.18608946497437
asp,0,23,0,23014,37,48,12,36,3,178.06574915049077
asp,0,23,0,23014,37,48,12,36,4,178.06574915049077
asp,0,23,0,23014,37,48,12,36,5,178.06574915049077
asp,0,23,0,23014,37,48,12,36,6,176.5348019252895
asp,0,23,0,23014,37,48,12,36,7,176.5348019252895
asp,0,23,0,23014,37,48,12,36,8,176.5348019252895
asp,0,23,0,23014,37,48,12,36,9,175.073469188792
asp,0,23,0,23014,37,48,12,36,10,175.073469188792
asp,0,23,0,23014,37,48,12,36,11,175.073469188792
asp,0,23,0,23014,37,48,12,36,12,174.17620339354633
asp,0,23,0,23014,37,48,12,36,13,174.17620339354633
asp,0,23,0,23014,37,48,12,36,14,174.17620339354633
asp,0,23,0,23014,37,48,12,36,15,174.17620339354633
asp,0,23,0,23014,37,48,12,36,16,174.17620339354633
asp,0,23,0,23014,37,48,12,36,17,174.17620339354633
asp,0,23,0,23014,37,48,12,36,18,174.17620339354633
asp,0,23,0,23014,37,48,12,36,19,174.17620339354633
asp,0,23,0,23014,37,48,12,36,20,174.17620339354633
asp,0,23,0,23014,37,48,12,36,21,174.17620339354633
asp,0,23,0,23014,37,48,12,36,22,174.17620339354633
asp,0,23,0,23014,37,48,12,36,23,174.17620339354633
asp,0,23,0,23014,37,48,12,36,24,174.17620339354633
asp,0,23,0,23014,37,48,12,36,25,174.17620339354633
asp,0,23,0,23014,37,48,12,36,26,174.17620339354633
asp,0,23,0,23014,37,48,12,36,27,174.17620339354633
asp,0,23,0,23014,37,48,12,36,28,174.17620339354633
asp,0,23,0,23014,37,48,12,36,29,174.17620339354633
asp,0,23,0,23014,37,48,12,36,30,174.17620339354633
asp,0,23,0,23014,37,48,12,36,31,174.17620339354633
asp,0,23,0,23014,37,48,12,36,32,174.17620339354633
asp,0,23,0,23014,37,48,12,36,33,174.17620339354633
asp,0,23,0,23014,37,48,12,36,34,174.17620339354633
asp,0,23,0,23014,37,48,12,36,35,174.17620339354633
asp,0,23,0,23014,37,48,12,36,36,174.17620339354633
asp,0,24,0,24014,37,48,12,36,0,154.9531841686017
asp,0,24,0,24014,37,48,12,36,1,153.16857586805693
asp,0,24,0,24014,37,48,12,36,2,153.16857586805693
asp,0,24,0,24014,37,48,12,36,3,153.16857586805693
asp,0,24,0,24014,37,48,12,36,4,151.6141957778536
asp,0,24,0,24014,37,48,12,36,5,151.6141957778536
asp,0,24,0,24014,37,48,12,36,6,151.6141957778536
asp,0,24,0,24014,37,48,12,36,7,151.28219260437407
asp,0,24,0,24014,37,48,12,36,8,151.28219260437407
asp,0,24,0,24014,37,48,12,36,9,151.28219260437407
asp,0,24,0,24014,37,48,12,36,10,151.28219260437407
asp,0,24,0,24014,37,48,12,36,11,151.28219260437407
asp,0,24,0,24014,37,48,12,36,12,151.28219260437407
asp,0,24,0,24014,37,48,12,36,13,151.28219260437407
asp,0,24,0,24014,37,48,12,36,14,151.28219260437407
asp,0,24,0,24014,37,48,12,36,15,151.28219260437407
asp,0,24,0,24014,37,48,12,36,16,151.28219260437407
asp,0,24,0,24014,37,48,12,36,17,151.28219260437407
asp,0,24,0,24014,37,48,12,36,18,151.28219260437407
asp,0,24,0,24014,37,48,12,36,19,151.28219260437407
asp,0,24,0,24014,37,48,12,36,20,151.28219260437407
asp,0,24,0,24014,37,48,12,36,21,151.28219260437407
asp,0,24,0,24014,37,48,12,36,22,151.28219260437407
asp,0,24,0,24014,37,48,12,36,23,151.28219260437407
asp,0,24,0,24014,37,48,12,36,24,151.28219260437407
asp,0,24,0,24014,37,48,12,36,25,151.28219260437407
asp,0,24,0,24014,37,48,12,36,26,151.28219260437407
asp,0,24,0,24014,37,48,12,36,27,151.28219260437407
asp,0,24,0,24014,37,48,12,36,28,151.28219260437407
asp,0,24,0,24014,37,48,12,36,29,151.28219260437407
asp,0,24,0,24014,37,48,12,36,30,151.28219260437407
asp,0,24,0,24014,37,48,12,36,31,151.28219260437407
asp,0,24,0,24014,37,48,12,36,32,151.28219260437407
asp,0,24,0,24014,37,48,12,36,33,151.28219260437407
asp,0,24,0,24014,37,48,12,36,34,151.28219260437407
asp,0,24,0,24014,37,48,12,36,35,151.28219260437407
asp,0,24,0,24014,37,48,12,36,36,151.28219260437407
asp,0,25,0,25014,37,48,12,36,0,159.007487316788
asp,0,25,0,25014,37,48,12,36,1,158.45088569309598
asp,0,25,0,25014,37,48,12,36,2,158.45088569309598
asp,0,25,0,25014,37,48,12,36,3,157.9676193483143
asp,0,25,0,25014,37,48,12,36,4,157.41101772462227
asp,0,25,0,25014,37,48,12,36,5,157.41101772462227
asp,0,25,0,25014,37,48,12,36,6,157.41101772462227
asp,0,25,0,25014,37,48,12,36,7,157.14459853188384
asp,0,25,0,25014,37,48,12,36,8,157.14459853188384
asp,0,25,0,25014,37,48,12,36,9,157.14459853188384
asp,0,25,0,25014,37,48,12,36,10,157.14459853188384
asp,0,25,0,25014,37,48,12,36,11,157.14459853188384
asp,0,25,0,25014,37,48,12,36,12,157.14459853188384
asp,0,25,0,25014,37,48,12,36,13,157.14459853188384
asp,0,25,0,25014,37,48,12,36,14,157.14459853188384
asp,0,25,0,25014,37,48,12,36,15,157.14459853188384
asp,0,25,0,25014,37,48,12,36,16,157.14459853188384
asp,0,25,0,25014,37,48,12,36,17,157.14459853188384
asp,0,25,0,25014,37,48,12,36,18,157.14459853188384
asp,0,25,0,25014,37,48,12,36,19,157.14459853188384
asp,0,25,0,25014,37,48,12,36,20,157.14459853188384
asp,0,25,0,25014,37,48,12,36,21,157.14459853188384
asp,0,25,0,25014,37,48,12,36,22,157.14459853188384
asp,0,25,0,25014,37,48,12,36,23,157.14459853188384
asp,0,25,0,25014,37,48,12,36,24,157.14459853188384
asp,0,25,0,25014,37,48,12,36,25,157.14459853188384
asp,0,25,0,25014,37,48,12,36,26,157.14459853188384
asp,0,25,0,25014,37,48,12,36,27,157.14459853188384
asp,0,25,0,25014,37,48,12,36,28,157.14459853188384
asp,0,25,0,25014,37,48,12,36,29,157.14459853188384
asp,0,25,0,25014,37,48,12,36,30,157.14459853188384
asp,0,25,0,25014,37,48,12,36,31,157.14459853188384
asp,0,25,0,25014,37,48,12,36,32,157.14459853188384
asp,0,25,0,25014,37,48,12,36,33,157.14459853188384
asp,0,25,0,25014,37,48,12,36,34,157.14459853188384
asp,0,25,0,25014,37,48,12,36,35,157.14459853188384
asp,0,25,0,25014,37,48,12,36,36,157.14459853188384
asp,0,26,0,26014,37,48,12,36,0,127.2919106322376
asp,0,26,0,26014,37,48,12,36,1,125.16041368194837
asp,0,26,0,26014,37,48,12,36,2,123.88939798616047
asp,0,26,0,26014,37,48,12,36,3,123.00053794658689
asp,0,26,0,26014,37,48,12,36,4,122.43359277143668
asp,0,26,0,26014,37,48,12,36,5,122.01599976736118
asp,0,26,0,26014,37,48,12,36,6,121.93563041785352
asp,0,26,0,26014,37,48,12,36,7,121.93563041785352
asp,0,26,0,26014,37,48,12,36,8,121.93563041785352
asp,0,26,0,26014,37,48,12,36,9,121.93563041785352
asp,0,26,0,26014,37,48,12,36,10,121.93563041785352
asp,0,26,0,26014,37,48,12,36,11,121.93563041785352
asp,0,26,0,26014,37,48,12,36,12,121.93563041785352
asp,0,26,0,26014,37,48,12,36,13,121.93563041785352
asp,0,26,0,26014,37,48,12,36,14,121.93563041785352
asp,0,26,0,26014,37,48,12,36,15,121.93563041785352
asp,0,26,0,26014,37,48,12,36,16,121.93563041785352
asp,0,26,0,26014,37,48,12,36,17,121.93563041785352
asp,0,26,0,26014,37,48,12,36,18,121.93563041785352
asp,0,26,0,26014,37,48,12,36,19,121.93563041785352
asp,0,26,0,26014,37,48,12,36,20,121.93563041785352
asp,0,26,0,26014,37,48,12,36,21,121.93563041785352
asp,0,26,0,26014,37,48,12,36,22,121.93563041785352
asp,0,26,0,26014,37,48,12,36,23,121.93563041785352
asp,0,26,0,26014,37,48,12,36,24,121.93563041785352
asp,0,26,0,26014,37,48,12,36,25,121.93563041785352
asp,0,26,0,26014,37,48,12,36,26,121.93563041785352
asp,0,26,0,26014,37,48,12,36,27,121.93563041785352
asp,0,26,0,26014,37,48,12,36,28,121.93563041785352
asp,0,26,0,26014,37,48,12,36,29,121.93563041785352
asp,0,26,0,26014,37,48,12,36,30,121.93563041785352
asp,0,26,0,26014,37,48,12,36,31,121.93563041785352
asp,0,26,0,26014,37,48,12,36,32,121.93563041785352
asp,0,26,0,26014,37,48,12,36,33,121.93563041785352
asp,0,26,0,26014,37,48,12,36,34,121.93563041785352
asp,0,26,0,26014,37,48,12,36,35,121.93563041785352
asp,0,26,0,26014,37,48,12,36,36,121.93563041785352
asp,0,27,0,27014,37,48,12,36,0,131.42693505066154
asp,0,27,0,27014,37,48,12,36,1,129.8507986720703
asp,0,27,0,27014,37,48,12,36,2,129.8507986720703
asp,0,27,0,27014,37,48,12,36,3,129.8507986720703
asp,0,27,0,27014,37,48,12,36,4,128.7379515133067
asp,0,27,0,27014,37,48,12,36,5,128.7379515133067
asp,0,27,0,27014,37,48,12,36,6,128.7379515133067
asp,0,27,0,27014,37,48,12,36,7,127.93113689400363
asp,0,27,0,27014,37,48,12,36,8,127.93113689400363
asp,0,27,0,27014,37,48,12,36,9,127.93113689400363
asp,0,27,0,27014,37,48,12,36,10,127.93113689400363
asp,0,27,0,27014,37,48,12,36,11,127.93113689400363
asp,0,27,0,27014,37,48,12,36,12,127.93113689400363
asp,0,27,0,27014,37,48,12,36,13,127.93113689400363
asp,0,27,0,27014,37,48,12,36,14,127.93113689400363
asp,0,27,0,27014,37,48,12,36,15,127.93113689400363
asp,0,27,0,27014,37,48,12,36,16,127.93113689400363
asp,0,27,0,27014,37,48,12,36,17,127.93113689400363
asp,0,27,0,27014,37,48,12,36,18,127.93113689400363
asp,0,27,0,27014,37,48,12,36,19,127.93113689400363
asp,0,27,0,27014,37,48,12,36,20,127.93113689400363
asp,0,27,0,27014,37,48,12,36,21,127.93113689400363
asp,0,27,0,27014,37,48,12,36,22,127.93113689400363
asp,0,27,0,27014,37,48,12,36,23,127.93113689400363
asp,0,27,0,27014,37,48,12,36,24,127.93113689400363
asp,0,27,0,27014,37,48,12,36,25,127.93113689400363
asp,0,27,0,27014,37,48,12,36,26,127.93113689400363
asp,0,27,0,27014,37,48,12,36,27,127.93113689400363
asp,0,27,0,27014,37,48,12,36,28,127.93113689400363
asp,0,27,0,27014,37,48,12,36,29,127.93113689400363
asp,0,27,0,27014,37,48,12,36,30,127.93113689400363
asp,0,27,0,27014,37,48,12,36,31,127.93113689400363
asp,0,27,0,27014,37,48,12,36,32,127.93113689400363
asp,0,27,0,27014,37,48,12,36,33,127.93113689400363
asp,0,27,0,27014,37,48,12,36,34,127.93113689400363
asp,0,27,0,27014,37,48,12,36,35,127.93113689400363
asp,0,27,0,27014,37,48,12,36,36,127.93113689400363
asp,0,28,0,28014,37,48,12,36,0,159.54740183438858
asp,0,28,0,28014,37,48,12,36,1,159.25210747728042
asp,0,28,0,28014,37,48,12,36,2,159.25210747728042
asp,0,28,0,28014,37,48,12,36,3,159.25210747728042
asp,0,28,0,28014,37,48,12,36,4,159.25210747728042
asp,0,28,0,28014,37,48,12,36,5,159.25210747728042
asp,0,28,0,28014,37,48,12,36,6,159.25210747728042
asp,0,28,0,28014,37,48,12,36,7,159.25210747728042
asp,0,28,0,28014,37,48,12,36,8,159.25210747728042
asp,0,28,0,28014,37,48,12,36,9,159.25210747728042
asp,0,28,0,28014,37,48,12,36,10,159.25210747728042
asp,0,28,0,28014,37,48,12,36,11,159.25210747728042
asp,0,28,0,28014,37,48,12,36,12,159.25210747728042
asp,0,28,0,28014,37,48,12,36,13,159.25210747728042
asp,0,28,0,28014,37,48,12,36,14,159.25210747728042
asp,0,28,0,28014,37,48,12,36,15,159.25210747728042
asp,0,28,0,28014,37,48,12,36,16,159.25210747728042
asp,0,28,0,28014,37,48,12,36,17,159.25210747728042
asp,0,28,0,28014,37,48,12,36,18,159.25210747728042
asp,0,28,0,28014,37,48,12,36,19,159.25210747728042
asp,0,28,0,28014,37,48,12,36,20,159.25210747728042
asp,0,28,0,28014,37,48,12,36,21,159.25210747728042
asp,0,28,0,28014,37,48,12,36,22,159.25210747728042
asp,0,28,0,28014,37,48,12,36,23,159.25210747728042
asp,0,28,0,28014,37,48,12,36,24,159.25210747728042
asp,0,28,0,28014,37,48,12,36,25,159.25210747728042
asp,0,28,0,28014,37,48,12,36,26,159.25210747728042
asp,0,28,0,28014,37,48,12,36,27,159.25210747728042
asp,0,28,0,28014,37,48,12,36,28,159.25210747728042
asp,0,28,0,28014,37,48,12,36,29,159.25210747728042
asp,0,28,0,28014,37,48,12,36,30,159.25210747728042
asp,0,28,0,28014,37,48,12,36,31,159.25210747728042
asp,0,28,0,28014,37,48,12,36,32,159.25210747728042
asp,0,28,0,28014,37,48,12,36,33,159.25210747728042
asp,0,28,0,28014,37,48,12,36,34,159.25210747728042
asp,0,28,0,28014,37,48,12,36,35,159.25210747728042
asp,0,28,0,28014,37,48,12,36,36,159.25210747728042
asp,0,29,0,29014,37,48,12,36,0,155.12885629759472
asp,0,29,0,29014,37,48,12,36,1,154.36626114097197
asp,0,29,0,29014,37,48,12,36,2,153.61340920492336
asp,0,29,0,29014,37,48,12,36,3,153.61340920492336
asp,0,29,0,29014,37,48,12,36,4,153.61340920492336
asp,0,29,0,29014,37,48,12,36,5,153.61340920492336
asp,0,29,0,29014,37,48,12,36,6,153.61340920492336
asp,0,29,0,29014,37,48,12,36,7,153.61340920492336
asp,0,29,0,29014,37,48,12,36,8,153.61340920492336
asp,0,29,0,29014,37,48,12,36,9,153.61340920492336
asp,0,29,0,29014,37,48,12,36,10,153.61340920492336
asp,0,29,0,29014,37,48,12,36,11,153.61340920492336
asp,0,29,0,29014,37,48,12,36,12,153.61340920492336
asp,0,29,0,29014,37,48,12,36,13,153.61340920492336
asp,0,29,0,29014,37,48,12,36,14,153.61340920492336
asp,0,29,0,29014,37,48,12,36,15,153.61340920492336
asp,0,29,0,29014,37,48,12,36,16,153.61340920492336
asp,0,29,0,29014,37,48,12,36,17,153.61340920492336
asp,0,29,0,29014,37,48,12,36,18,153.61340920492336
asp,0,29,0,29014,37,48,12,36,19,153.61340920492336
asp,0,29,0,29014,37,48,12,36,20,153.61340920492336
asp,0,29,0,29014,37,48,12,36,21,153.61340920492336
asp,0,29,0,29014,37,48,12,36,22,153.61340920492336
asp,0,29,0,29014,37,48,12,36,23,153.61340920492336
asp,0,29,0,29014,37,48,12,36,24,153.61340920492336
asp,0,29,0,29014,37,48,12,36,25,153.61340920492336
asp,0,29,0,29014,37,48,12,36,26,153.61340920492336
asp,0,29,0,29014,37,48,12,36,27,153.61340920492336
asp,0,29,0,29014,37,48,12,36,28,153.61340920492336
asp,0,29,0,29014,37,48,12,36,29,153.61340920492336
asp,0,29,0,29014,37,48,12,36,30,153.61340920492336
asp,0,29,0,29014,37,48,12,36,31,153.61340920492336
asp,0,29,0,29014,37,48,12,36,32,153.61340920492336
asp,0,29,0,29014,37,48,12,36,33,153.61340920492336
asp,0,29,0,29014,37,48,12,36,34,153.61340920492336
asp,0,29,0,29014,37,48,12,36,35,153.61340920492336
asp,0,29,0,29014,37,48,12,36,36,153.61340920492336
